idna_subject,checker_type,destination,source,tested_at,session_id
0.fls.doubleclick.net,AVAILABILITY,domains.list,domains.list,2021-03-25 00:28:21.442531,be447e3fb6b096e3674ecb6a
0ab8-98d1-e900-9391.reporo.net,AVAILABILITY,domains.list,domains.list,2021-03-25 00:28:22.141993,be447e3fb6b096e3674ecb6a
0ad3-6ce3-f6a2-b295.reporo.net,AVAILABILITY,domains.list,domains.list,2021-03-25 00:28:23.560932,be447e3fb6b096e3674ecb6a
00b5-d72d-8252-a96c.reporo.net,AVAILABILITY,domains.list,domains.list,2021-03-25 00:28:24.528089,be447e3fb6b096e3674ecb6a
0bfn6.voluumtrk.com,AVAILABILITY,domains.list,domains.list,2021-03-25 00:28:25.154980,be447e3fb6b096e3674ecb6a
0blbku3esh.kameleoon.eu,AVAILABILITY,domains.list,domains.list,2021-03-25 00:28:31.510719,be447e3fb6b096e3674ecb6a
0bxxaty1ad.execute-api.us-east-1.amazonaws.com,AVAILABILITY,domains.list,domains.list,2021-03-25 00:28:32.145990,be447e3fb6b096e3674ecb6a
0c74-fb9d-12c1-051d.reporo.net,AVAILABILITY,domains.list,domains.list,2021-03-25 00:28:33.344150,be447e3fb6b096e3674ecb6a
0c79-5807-03c2-4ecd.reporo.net,AVAILABILITY,domains.list,domains.list,2021-03-25 00:28:34.095557,be447e3fb6b096e3674ecb6a
0cde-4e24-dcfb-ebd6.reporo.net,AVAILABILITY,domains.list,domains.list,2021-03-25 00:28:34.788662,be447e3fb6b096e3674ecb6a
0cfe-e814-fd2a-7ffc.reporo.net,AVAILABILITY,domains.list,domains.list,2021-03-25 00:28:35.454987,be447e3fb6b096e3674ecb6a
0d32-4c73-2e50-510d.reporo.net,AVAILABILITY,domains.list,domains.list,2021-03-25 00:28:41.851763,be447e3fb6b096e3674ecb6a
0d847862199.com,AVAILABILITY,domains.list,domains.list,2021-03-25 00:28:42.405238,be447e3fb6b096e3674ecb6a
0dfab5ec.akstat.io,AVAILABILITY,domains.list,domains.list,2021-03-25 00:28:43.084089,be447e3fb6b096e3674ecb6a
0e89-0316-2324-3228.reporo.net,AVAILABILITY,domains.list,domains.list,2021-03-25 00:28:48.995464,be447e3fb6b096e3674ecb6a
0f5d-15fb-d62d-8026.reporo.net,AVAILABILITY,domains.list,domains.list,2021-03-25 00:28:54.825215,be447e3fb6b096e3674ecb6a
00f9-d59a-b75d-8898.reporo.net,AVAILABILITY,domains.list,domains.list,2021-03-25 00:29:00.721893,be447e3fb6b096e3674ecb6a
0f55-fb73-3513-2f82.reporo.net,AVAILABILITY,domains.list,domains.list,2021-03-25 00:29:01.624422,be447e3fb6b096e3674ecb6a
0fc3-6b21-9cc2-d77f.reporo.net,AVAILABILITY,domains.list,domains.list,2021-03-25 00:29:02.521954,be447e3fb6b096e3674ecb6a
0fdc-5af4-6c2d-1d8a.reporo.net,AVAILABILITY,domains.list,domains.list,2021-03-25 00:29:03.361583,be447e3fb6b096e3674ecb6a
0g2z.everesttech.net,AVAILABILITY,domains.list,domains.list,2021-03-25 00:29:04.070767,be447e3fb6b096e3674ecb6a
0md5e.voluumtrk.com,AVAILABILITY,domains.list,domains.list,2021-03-25 00:29:04.718829,be447e3fb6b096e3674ecb6a
0tht.tlnk.io,AVAILABILITY,domains.list,domains.list,2021-03-25 00:29:07.504291,be447e3fb6b096e3674ecb6a
0uk6n.lokpresearch.club,AVAILABILITY,domains.list,domains.list,2021-03-25 00:29:08.274768,be447e3fb6b096e3674ecb6a
00v07c3k7o.kameleoon.eu,AVAILABILITY,domains.list,domains.list,2021-03-25 00:29:21.605801,be447e3fb6b096e3674ecb6a
0zb6y.voluumtrk.com,AVAILABILITY,domains.list,domains.list,2021-03-25 00:29:22.370940,be447e3fb6b096e3674ecb6a
0ztnj.voluumtrk.com,AVAILABILITY,domains.list,domains.list,2021-03-25 00:29:22.981243,be447e3fb6b096e3674ecb6a
01.ast.nyc2.appnexus.com,AVAILABILITY,domains.list,domains.list,2021-03-25 00:29:23.632290,be447e3fb6b096e3674ecb6a
01.catchpoint.ams1.appnexus.com,AVAILABILITY,domains.list,domains.list,2021-03-25 00:29:27.752466,be447e3fb6b096e3674ecb6a
1.everesttech.net,AVAILABILITY,domains.list,domains.list,2021-03-25 00:29:34.002681,be447e3fb6b096e3674ecb6a
1.getclicky.com,AVAILABILITY,domains.list,domains.list,2021-03-25 00:29:34.582369,be447e3fb6b096e3674ecb6a
01.imap.nyc2.appnexus.com,AVAILABILITY,domains.list,domains.list,2021-03-25 00:29:35.267852,be447e3fb6b096e3674ecb6a
01.jamf-fe.nym2.appnexus.com,AVAILABILITY,domains.list,domains.list,2021-03-25 00:29:46.907357,be447e3fb6b096e3674ecb6a
01.kdc.ams1.appnexus.com,AVAILABILITY,domains.list,domains.list,2021-03-25 00:29:48.350880,be447e3fb6b096e3674ecb6a
01.kdc.fra1.appnexus.com,AVAILABILITY,domains.list,domains.list,2021-03-25 00:29:49.194364,be447e3fb6b096e3674ecb6a
01.kdc.lax1.appnexus.com,AVAILABILITY,domains.list,domains.list,2021-03-25 00:29:49.850054,be447e3fb6b096e3674ecb6a
01.kdc.nym2.appnexus.com,AVAILABILITY,domains.list,domains.list,2021-03-25 00:29:55.705008,be447e3fb6b096e3674ecb6a
01.krbize.ams1.appnexus.com,AVAILABILITY,domains.list,domains.list,2021-03-25 00:29:57.149376,be447e3fb6b096e3674ecb6a
01.krbize.lax1.appnexus.com,AVAILABILITY,domains.list,domains.list,2021-03-25 00:29:57.978078,be447e3fb6b096e3674ecb6a
01.krbize.nym2.appnexus.com,AVAILABILITY,domains.list,domains.list,2021-03-25 00:29:58.837475,be447e3fb6b096e3674ecb6a
01.lg.fra1.appnexus.com,AVAILABILITY,domains.list,domains.list,2021-03-25 00:30:00.158256,be447e3fb6b096e3674ecb6a
01.lg.lax1.appnexus.com,AVAILABILITY,domains.list,domains.list,2021-03-25 00:30:00.811033,be447e3fb6b096e3674ecb6a
01.lg.nym2.appnexus.com,AVAILABILITY,domains.list,domains.list,2021-03-25 00:30:02.196388,be447e3fb6b096e3674ecb6a
01.pbx.nyc2.appnexus.com,AVAILABILITY,domains.list,domains.list,2021-03-25 00:30:05.769184,be447e3fb6b096e3674ecb6a
1.sic.33across.com,AVAILABILITY,domains.list,domains.list,2021-03-25 00:30:12.920138,be447e3fb6b096e3674ecb6a
1.skimresources.com,AVAILABILITY,domains.list,domains.list,2021-03-25 00:30:13.669563,be447e3fb6b096e3674ecb6a
01.vidyo-gateway.nyc2.appnexus.com,AVAILABILITY,domains.list,domains.list,2021-03-25 00:30:15.041166,be447e3fb6b096e3674ecb6a
01.vidyo-gw.nyc2.appnexus.com,AVAILABILITY,domains.list,domains.list,2021-03-25 00:30:15.667207,be447e3fb6b096e3674ecb6a
01.webproxy.fra1.appnexus.com,AVAILABILITY,domains.list,domains.list,2021-03-25 00:30:18.440995,be447e3fb6b096e3674ecb6a
1a39-b369-daf9-0d11.reporo.net,AVAILABILITY,domains.list,domains.list,2021-03-25 00:30:27.875343,be447e3fb6b096e3674ecb6a
1b656.v.fwmrm.net,AVAILABILITY,domains.list,domains.list,2021-03-25 00:30:34.481765,be447e3fb6b096e3674ecb6a
1bcde.com,AVAILABILITY,domains.list,domains.list,2021-03-25 00:30:35.446592,be447e3fb6b096e3674ecb6a
1c2b-3481-a405-a093.reporo.net,AVAILABILITY,domains.list,domains.list,2021-03-25 00:30:36.203510,be447e3fb6b096e3674ecb6a
1c4d-a822-1672-1fad.reporo.net,AVAILABILITY,domains.list,domains.list,2021-03-25 00:30:37.196905,be447e3fb6b096e3674ecb6a
1c6e2.s.fwmrm.net,AVAILABILITY,domains.list,domains.list,2021-03-25 00:30:38.152692,be447e3fb6b096e3674ecb6a
1c6e2.v.fwmrm.net,AVAILABILITY,domains.list,domains.list,2021-03-25 00:30:40.415504,be447e3fb6b096e3674ecb6a
1c6e9.v.fwmrm.net,AVAILABILITY,domains.list,domains.list,2021-03-25 00:30:41.444812,be447e3fb6b096e3674ecb6a
1c6e9c.v.fwmrm.net,AVAILABILITY,domains.list,domains.list,2021-03-25 00:30:42.414743,be447e3fb6b096e3674ecb6a
1c20-eb53-8361-c317.reporo.net,AVAILABILITY,domains.list,domains.list,2021-03-25 00:30:43.213332,be447e3fb6b096e3674ecb6a
1c88qb0ls6.kameleoon.eu,AVAILABILITY,domains.list,domains.list,2021-03-25 00:30:43.794195,be447e3fb6b096e3674ecb6a
1c63-61f9-021e-d1fa.reporo.net,AVAILABILITY,domains.list,domains.list,2021-03-25 00:30:44.752670,be447e3fb6b096e3674ecb6a
1c.adx1.com,AVAILABILITY,domains.list,domains.list,2021-03-25 00:30:45.350021,be447e3fb6b096e3674ecb6a
0001-cab8-4c8c-43de.reporo.net,AVAILABILITY,domains.list,domains.list,2021-03-25 00:30:52.059322,be447e3fb6b096e3674ecb6a
1cd7-9752-cabd-f881.reporo.net,AVAILABILITY,domains.list,domains.list,2021-03-25 00:30:58.248800,be447e3fb6b096e3674ecb6a
1cf9-2926-72a6-5408.reporo.net,AVAILABILITY,domains.list,domains.list,2021-03-25 00:30:58.886638,be447e3fb6b096e3674ecb6a
1clickcdn.ru,AVAILABILITY,domains.list,domains.list,2021-03-25 00:30:59.463042,be447e3fb6b096e3674ecb6a
1daf-f1f5-5181-4287.reporo.net,AVAILABILITY,domains.list,domains.list,2021-03-25 00:31:05.353996,be447e3fb6b096e3674ecb6a
01-dc-den2.ad.corp.appnexus.com,AVAILABILITY,domains.list,domains.list,2021-03-25 00:31:06.009542,be447e3fb6b096e3674ecb6a
01-ddpe-fe-nym2.corp.appnexus.com,AVAILABILITY,domains.list,domains.list,2021-03-25 00:31:07.444004,be447e3fb6b096e3674ecb6a
01-ddpe-nym2.ad.corp.appnexus.com,AVAILABILITY,domains.list,domains.list,2021-03-25 00:31:08.073546,be447e3fb6b096e3674ecb6a
1dental.d1.sc.omtrdc.net,AVAILABILITY,domains.list,domains.list,2021-03-25 00:31:08.655847,be447e3fb6b096e3674ecb6a
01e7-6f86-e035-c4b6.reporo.net,AVAILABILITY,domains.list,domains.list,2021-03-25 00:31:14.963719,be447e3fb6b096e3674ecb6a
1e122c580cf.com,AVAILABILITY,domains.list,domains.list,2021-03-25 00:31:15.528284,be447e3fb6b096e3674ecb6a
1eeb-5d2a-489d-0491.reporo.net,AVAILABILITY,domains.list,domains.list,2021-03-25 00:31:16.615676,be447e3fb6b096e3674ecb6a
1erforum.de.intellitxt.com,AVAILABILITY,domains.list,domains.list,2021-03-25 00:31:22.547157,be447e3fb6b096e3674ecb6a
01-exch-den2.ad.corp.appnexus.com,AVAILABILITY,domains.list,domains.list,2021-03-25 00:31:26.856059,be447e3fb6b096e3674ecb6a
1f2e7.v.fwmrm.net,AVAILABILITY,domains.list,domains.list,2021-03-25 00:31:28.869514,be447e3fb6b096e3674ecb6a
1f42-c534-9247-a702.reporo.net,AVAILABILITY,domains.list,domains.list,2021-03-25 00:31:29.759181,be447e3fb6b096e3674ecb6a
1f62-ac07-3838-8236.reporo.net,AVAILABILITY,domains.list,domains.list,2021-03-25 00:31:30.523697,be447e3fb6b096e3674ecb6a
1f75-e88d-2066-72b2.reporo.net,AVAILABILITY,domains.list,domains.list,2021-03-25 00:31:31.837893,be447e3fb6b096e3674ecb6a
1f64-9327-ddd3-a591.reporo.net,AVAILABILITY,domains.list,domains.list,2021-03-25 00:31:38.045991,be447e3fb6b096e3674ecb6a
1gbits.com,AVAILABILITY,domains.list,domains.list,2021-03-25 00:31:39.292250,be447e3fb6b096e3674ecb6a
01-ion-dr-lax.ad.corp.appnexus.com,AVAILABILITY,domains.list,domains.list,2021-03-25 00:31:39.914802,be447e3fb6b096e3674ecb6a
01l.xyz,AVAILABILITY,domains.list,domains.list,2021-03-25 00:31:41.143009,be447e3fb6b096e3674ecb6a
1naf9.voluumtrk.com,AVAILABILITY,domains.list,domains.list,2021-03-25 00:31:41.550560,be447e3fb6b096e3674ecb6a
1ouai.voluumtrk.com,AVAILABILITY,domains.list,domains.list,2021-03-25 00:31:42.175045,be447e3fb6b096e3674ecb6a
1phads.com,AVAILABILITY,domains.list,domains.list,2021-03-25 00:31:42.731171,be447e3fb6b096e3674ecb6a
1plusads.g2afse.com,AVAILABILITY,domains.list,domains.list,2021-03-25 00:31:48.529133,be447e3fb6b096e3674ecb6a
1plusads.go2affise.com,AVAILABILITY,domains.list,domains.list,2021-03-25 00:31:49.298782,be447e3fb6b096e3674ecb6a
01-prf-dr-lax.ad.corp.appnexus.com,AVAILABILITY,domains.list,domains.list,2021-03-25 00:32:00.312784,be447e3fb6b096e3674ecb6a
01-prf-test-nym.ad.corp.appnexus.com,AVAILABILITY,domains.list,domains.list,2021-03-25 00:32:00.901804,be447e3fb6b096e3674ecb6a
1rcu4.voluumtrk.com,AVAILABILITY,domains.list,domains.list,2021-03-25 00:32:01.535720,be447e3fb6b096e3674ecb6a
01-rds-dev-nym1.ad.corp.appnexus.com,AVAILABILITY,domains.list,domains.list,2021-03-25 00:32:14.219416,be447e3fb6b096e3674ecb6a
01-rds-dr-lax.ad.corp.appnexus.com,AVAILABILITY,domains.list,domains.list,2021-03-25 00:32:14.873206,be447e3fb6b096e3674ecb6a
1spl.ir.zeotap.com,AVAILABILITY,domains.list,domains.list,2021-03-25 00:32:15.502676,be447e3fb6b096e3674ecb6a
01-spotapp-nym2.ad.corp.appnexus.com,AVAILABILITY,domains.list,domains.list,2021-03-25 00:32:16.095319,be447e3fb6b096e3674ecb6a
01-spotdb-nym2.ad.corp.appnexus.com,AVAILABILITY,domains.list,domains.list,2021-03-25 00:32:16.687301,be447e3fb6b096e3674ecb6a
01-spotweb-nym2.ad.corp.appnexus.com,AVAILABILITY,domains.list,domains.list,2021-03-25 00:32:36.562249,be447e3fb6b096e3674ecb6a
01-sql-dev-nym1.ad.corp.appnexus.com,AVAILABILITY,domains.list,domains.list,2021-03-25 00:32:37.158185,be447e3fb6b096e3674ecb6a
01-sql-test-nym.ad.corp.appnexus.com,AVAILABILITY,domains.list,domains.list,2021-03-25 00:32:37.820729,be447e3fb6b096e3674ecb6a
1stchoicesavings.ca.102.112.2o7.net,AVAILABILITY,domains.list,domains.list,2021-03-25 00:32:38.559419,be447e3fb6b096e3674ecb6a
01-sun-dev-nym1.ad.corp.appnexus.com,AVAILABILITY,domains.list,domains.list,2021-03-25 00:32:39.897313,be447e3fb6b096e3674ecb6a
01-sun-dr-lax.ad.corp.appnexus.com,AVAILABILITY,domains.list,domains.list,2021-03-25 00:32:45.794421,be447e3fb6b096e3674ecb6a
1va3vpbjxq.kameleoon.eu,AVAILABILITY,domains.list,domains.list,2021-03-25 00:32:46.477802,be447e3fb6b096e3674ecb6a
01-vidyo-router.ams1.appnexus.com,AVAILABILITY,domains.list,domains.list,2021-03-25 00:32:47.162735,be447e3fb6b096e3674ecb6a
01-vidyo-router.lax1.appnexus.com,AVAILABILITY,domains.list,domains.list,2021-03-25 00:32:48.022309,be447e3fb6b096e3674ecb6a
01-vidyo-router.nyc2.appnexus.com,AVAILABILITY,domains.list,domains.list,2021-03-25 00:32:48.782567,be447e3fb6b096e3674ecb6a
01-vidyo-router.nym2.appnexus.com,AVAILABILITY,domains.list,domains.list,2021-03-25 00:32:49.589111,be447e3fb6b096e3674ecb6a
1vp67nxi0d.kameleoon.eu,AVAILABILITY,domains.list,domains.list,2021-03-25 00:32:51.822276,be447e3fb6b096e3674ecb6a
01-winadmin-nym2.ad.corp.appnexus.com,AVAILABILITY,domains.list,domains.list,2021-03-25 00:33:01.881892,be447e3fb6b096e3674ecb6a
01-winbuild-nym2.ad.corp.appnexus.com,AVAILABILITY,domains.list,domains.list,2021-03-25 00:33:02.635115,be447e3fb6b096e3674ecb6a
01-winlog-nym2.ad.corp.appnexus.com,AVAILABILITY,domains.list,domains.list,2021-03-25 00:33:03.258274,be447e3fb6b096e3674ecb6a
1wljgi8eyy.kameleoon.eu,AVAILABILITY,domains.list,domains.list,2021-03-25 00:33:04.607166,be447e3fb6b096e3674ecb6a
1www.crazyegg.com,AVAILABILITY,domains.list,domains.list,2021-03-25 00:33:05.291740,be447e3fb6b096e3674ecb6a
1y6r0h8w8p.kameleoon.eu,AVAILABILITY,domains.list,domains.list,2021-03-25 00:33:05.894578,be447e3fb6b096e3674ecb6a
1yyhe.voluumtrk.com,AVAILABILITY,domains.list,domains.list,2021-03-25 00:33:06.516928,be447e3fb6b096e3674ecb6a
2.adx1.com,AVAILABILITY,domains.list,domains.list,2021-03-25 00:33:07.279735,be447e3fb6b096e3674ecb6a
02.catchpoint.ams1.appnexus.com,AVAILABILITY,domains.list,domains.list,2021-03-25 00:33:14.035274,be447e3fb6b096e3674ecb6a
02.git.corp.appnexus.com,AVAILABILITY,domains.list,domains.list,2021-03-25 00:33:15.341460,be447e3fb6b096e3674ecb6a
02.jh-api.nym2.appnexus.com,AVAILABILITY,domains.list,domains.list,2021-03-25 00:33:26.507315,be447e3fb6b096e3674ecb6a
02.lg.nym2.appnexus.com,AVAILABILITY,domains.list,domains.list,2021-03-25 00:33:27.225210,be447e3fb6b096e3674ecb6a
02.obs-worker.lax1.appnexus.com,AVAILABILITY,domains.list,domains.list,2021-03-25 00:33:33.244742,be447e3fb6b096e3674ecb6a
02.rt.lax1.appnexus.com,AVAILABILITY,domains.list,domains.list,2021-03-25 00:33:34.013949,be447e3fb6b096e3674ecb6a
2.webtrekk.net,AVAILABILITY,domains.list,domains.list,2021-03-25 00:33:35.620607,be447e3fb6b096e3674ecb6a
02.webtrekk.net,AVAILABILITY,domains.list,domains.list,2021-03-25 00:33:36.788738,be447e3fb6b096e3674ecb6a
2a7e7.v.fwmrm.net,AVAILABILITY,domains.list,domains.list,2021-03-25 00:33:43.991900,be447e3fb6b096e3674ecb6a
2a7e9.v.fwmrm.net,AVAILABILITY,domains.list,domains.list,2021-03-25 00:33:45.500798,be447e3fb6b096e3674ecb6a
2a9e-438a-929b-8d4a.reporo.net,AVAILABILITY,domains.list,domains.list,2021-03-25 00:33:46.531728,be447e3fb6b096e3674ecb6a
2ab7f.v.fwmrm.net,AVAILABILITY,domains.list,domains.list,2021-03-25 00:33:48.922816,be447e3fb6b096e3674ecb6a
2ada-f309-68bb-3247.reporo.net,AVAILABILITY,domains.list,domains.list,2021-03-25 00:33:49.625766,be447e3fb6b096e3674ecb6a
2avp.adx1.com,AVAILABILITY,domains.list,domains.list,2021-03-25 00:33:51.170652,be447e3fb6b096e3674ecb6a
2b4f-0aa5-3aec-a9bf.reporo.net,AVAILABILITY,domains.list,domains.list,2021-03-25 00:33:52.440892,be447e3fb6b096e3674ecb6a
2b5c-5f77-993d-ba3f.reporo.net,AVAILABILITY,domains.list,domains.list,2021-03-25 00:33:53.424521,be447e3fb6b096e3674ecb6a
2bc5-dbbc-6f8e-2103.reporo.net,AVAILABILITY,domains.list,domains.list,2021-03-25 00:33:54.413788,be447e3fb6b096e3674ecb6a
2c60-1723-23d3-2b28.reporo.net,AVAILABILITY,domains.list,domains.list,2021-03-25 00:33:55.034802,be447e3fb6b096e3674ecb6a
2d62-3ca5-b076-4b41.reporo.net,AVAILABILITY,domains.list,domains.list,2021-03-25 00:33:57.910345,be447e3fb6b096e3674ecb6a
2d.impactradius-event.com,AVAILABILITY,domains.list,domains.list,2021-03-25 00:33:58.482612,be447e3fb6b096e3674ecb6a
2datafish.d1.sc.omtrdc.net,AVAILABILITY,domains.list,domains.list,2021-03-25 00:33:59.090017,be447e3fb6b096e3674ecb6a
2ddb3.v.fwmrm.net,AVAILABILITY,domains.list,domains.list,2021-03-25 00:34:00.730728,be447e3fb6b096e3674ecb6a
2df7e.v.fwmrm.net,AVAILABILITY,domains.list,domains.list,2021-03-25 00:34:02.058558,be447e3fb6b096e3674ecb6a
2e6f7.v.fwmrm.net,AVAILABILITY,domains.list,domains.list,2021-03-25 00:34:04.069749,be447e3fb6b096e3674ecb6a
2e6f8.v.fwmrm.net,AVAILABILITY,domains.list,domains.list,2021-03-25 00:34:06.621602,be447e3fb6b096e3674ecb6a
2e33b7c9.akstat.io,AVAILABILITY,domains.list,domains.list,2021-03-25 00:34:07.406122,be447e3fb6b096e3674ecb6a
2e33b7ca.akstat.io,AVAILABILITY,domains.list,domains.list,2021-03-25 00:34:13.986490,be447e3fb6b096e3674ecb6a
2e33b7cf.akstat.io,AVAILABILITY,domains.list,domains.list,2021-03-25 00:34:15.281473,be447e3fb6b096e3674ecb6a
2e33b7d3.akstat.io,AVAILABILITY,domains.list,domains.list,2021-03-25 00:34:16.696264,be447e3fb6b096e3674ecb6a
2ecd4.v.fwmrm.net,AVAILABILITY,domains.list,domains.list,2021-03-25 00:34:18.937537,be447e3fb6b096e3674ecb6a
2ecd5.v.fwmrm.net,AVAILABILITY,domains.list,domains.list,2021-03-25 00:34:26.335753,be447e3fb6b096e3674ecb6a
2f2e33b7c9.akstat.io,AVAILABILITY,domains.list,domains.list,2021-03-25 00:34:27.634109,be447e3fb6b096e3674ecb6a
2f3ba.v.fwmrm.net,AVAILABILITY,domains.list,domains.list,2021-03-25 00:34:34.005955,be447e3fb6b096e3674ecb6a
2f5f651e6e.akstat.io,AVAILABILITY,domains.list,domains.list,2021-03-25 00:34:34.733668,be447e3fb6b096e3674ecb6a
2f5f651e63.akstat.io,AVAILABILITY,domains.list,domains.list,2021-03-25 00:34:40.542490,be447e3fb6b096e3674ecb6a
2f5f651e64.akstat.io,AVAILABILITY,domains.list,domains.list,2021-03-25 00:34:41.152114,be447e3fb6b096e3674ecb6a
2f5f651e71.akstat.io,AVAILABILITY,domains.list,domains.list,2021-03-25 00:34:41.756647,be447e3fb6b096e3674ecb6a
2f5f651e72.akstat.io,AVAILABILITY,domains.list,domains.list,2021-03-25 00:34:42.352766,be447e3fb6b096e3674ecb6a
2f6b148a22.akstat.io,AVAILABILITY,domains.list,domains.list,2021-03-25 00:34:42.960541,be447e3fb6b096e3674ecb6a
2f6b148a64.akstat.io,AVAILABILITY,domains.list,domains.list,2021-03-25 00:34:48.749675,be447e3fb6b096e3674ecb6a
2f6b148a80.akstat.io,AVAILABILITY,domains.list,domains.list,2021-03-25 00:34:49.556899,be447e3fb6b096e3674ecb6a
2f17d98a5a.akstat.io,AVAILABILITY,domains.list,domains.list,2021-03-25 00:34:50.219428,be447e3fb6b096e3674ecb6a
2f17d98a5b.akstat.io,AVAILABILITY,domains.list,domains.list,2021-03-25 00:34:56.172152,be447e3fb6b096e3674ecb6a
2f17d98a5d.akstat.io,AVAILABILITY,domains.list,domains.list,2021-03-25 00:34:56.841586,be447e3fb6b096e3674ecb6a
2f17d98a5e.akstat.io,AVAILABILITY,domains.list,domains.list,2021-03-25 00:34:57.426110,be447e3fb6b096e3674ecb6a
2f17d98a5f.akstat.io,AVAILABILITY,domains.list,domains.list,2021-03-25 00:34:58.053967,be447e3fb6b096e3674ecb6a
2f17d98a59.akstat.io,AVAILABILITY,domains.list,domains.list,2021-03-25 00:34:58.739776,be447e3fb6b096e3674ecb6a
2f22f6a935.akstat.io,AVAILABILITY,domains.list,domains.list,2021-03-25 00:34:59.403283,be447e3fb6b096e3674ecb6a
2f22fe7614.akstat.io,AVAILABILITY,domains.list,domains.list,2021-03-25 00:35:00.019759,be447e3fb6b096e3674ecb6a
2f22ff71a1.akstat.io,AVAILABILITY,domains.list,domains.list,2021-03-25 00:35:00.624630,be447e3fb6b096e3674ecb6a
2f22ffaa5b.akstat.io,AVAILABILITY,domains.list,domains.list,2021-03-25 00:35:01.330772,be447e3fb6b096e3674ecb6a
2f36a3fe4a.akstat.io,AVAILABILITY,domains.list,domains.list,2021-03-25 00:35:01.912523,be447e3fb6b096e3674ecb6a
2f36a3fec2.akstat.io,AVAILABILITY,domains.list,domains.list,2021-03-25 00:35:02.512722,be447e3fb6b096e3674ecb6a
2f36c3feec.akstat.io,AVAILABILITY,domains.list,domains.list,2021-03-25 00:35:03.112530,be447e3fb6b096e3674ecb6a
2f36c3fef2.akstat.io,AVAILABILITY,domains.list,domains.list,2021-03-25 00:35:03.698488,be447e3fb6b096e3674ecb6a
2f36cc206a.akstat.io,AVAILABILITY,domains.list,domains.list,2021-03-25 00:35:04.419766,be447e3fb6b096e3674ecb6a
2f36cc246a.akstat.io,AVAILABILITY,domains.list,domains.list,2021-03-25 00:35:05.010900,be447e3fb6b096e3674ecb6a
2f36cc248a.akstat.io,AVAILABILITY,domains.list,domains.list,2021-03-25 00:35:10.928509,be447e3fb6b096e3674ecb6a
2f36cc248b.akstat.io,AVAILABILITY,domains.list,domains.list,2021-03-25 00:35:11.648991,be447e3fb6b096e3674ecb6a
2f36cc2473.akstat.io,AVAILABILITY,domains.list,domains.list,2021-03-25 00:35:12.231044,be447e3fb6b096e3674ecb6a
2f36d71176.akstat.io,AVAILABILITY,domains.list,domains.list,2021-03-25 00:35:12.868392,be447e3fb6b096e3674ecb6a
2f36e4f0de.akstat.io,AVAILABILITY,domains.list,domains.list,2021-03-25 00:35:13.506287,be447e3fb6b096e3674ecb6a
2f36e4f0e6.akstat.io,AVAILABILITY,domains.list,domains.list,2021-03-25 00:35:14.125260,be447e3fb6b096e3674ecb6a
2f36e4f0e7.akstat.io,AVAILABILITY,domains.list,domains.list,2021-03-25 00:35:14.780430,be447e3fb6b096e3674ecb6a
2f36e4f0e9.akstat.io,AVAILABILITY,domains.list,domains.list,2021-03-25 00:35:15.462689,be447e3fb6b096e3674ecb6a
2f36e4f0eb.akstat.io,AVAILABILITY,domains.list,domains.list,2021-03-25 00:35:16.178890,be447e3fb6b096e3674ecb6a
2f36eb5491.akstat.io,AVAILABILITY,domains.list,domains.list,2021-03-25 00:35:16.790694,be447e3fb6b096e3674ecb6a
2f36eb5590.akstat.io,AVAILABILITY,domains.list,domains.list,2021-03-25 00:35:17.459467,be447e3fb6b096e3674ecb6a
2f36eb5594.akstat.io,AVAILABILITY,domains.list,domains.list,2021-03-25 00:35:18.067811,be447e3fb6b096e3674ecb6a
2f36ebc1fb.akstat.io,AVAILABILITY,domains.list,domains.list,2021-03-25 00:35:18.738331,be447e3fb6b096e3674ecb6a
2f36ebc23e.akstat.io,AVAILABILITY,domains.list,domains.list,2021-03-25 00:35:24.608883,be447e3fb6b096e3674ecb6a
2f36ebc202.akstat.io,AVAILABILITY,domains.list,domains.list,2021-03-25 00:35:30.533667,be447e3fb6b096e3674ecb6a
2f36ebc233.akstat.io,AVAILABILITY,domains.list,domains.list,2021-03-25 00:35:31.249229,be447e3fb6b096e3674ecb6a
2f36ebc234.akstat.io,AVAILABILITY,domains.list,domains.list,2021-03-25 00:35:37.151428,be447e3fb6b096e3674ecb6a
2f36f1f340.akstat.io,AVAILABILITY,domains.list,domains.list,2021-03-25 00:35:37.747408,be447e3fb6b096e3674ecb6a
2f36f1f344.akstat.io,AVAILABILITY,domains.list,domains.list,2021-03-25 00:35:38.349130,be447e3fb6b096e3674ecb6a
2f36fb61b0.akstat.io,AVAILABILITY,domains.list,domains.list,2021-03-25 00:35:38.948937,be447e3fb6b096e3674ecb6a
2f36fb78d7.akstat.io,AVAILABILITY,domains.list,domains.list,2021-03-25 00:35:39.646531,be447e3fb6b096e3674ecb6a
2f36fb78dc.akstat.io,AVAILABILITY,domains.list,domains.list,2021-03-25 00:35:40.363635,be447e3fb6b096e3674ecb6a
2f36fb619d.akstat.io,AVAILABILITY,domains.list,domains.list,2021-03-25 00:35:40.983857,be447e3fb6b096e3674ecb6a
2f173c5b0a.akstat.io,AVAILABILITY,domains.list,domains.list,2021-03-25 00:35:41.584499,be447e3fb6b096e3674ecb6a
2f173c5b0b.akstat.io,AVAILABILITY,domains.list,domains.list,2021-03-25 00:35:42.306007,be447e3fb6b096e3674ecb6a
2f173c5b0d.akstat.io,AVAILABILITY,domains.list,domains.list,2021-03-25 00:35:42.918028,be447e3fb6b096e3674ecb6a
2f173c5b0e.akstat.io,AVAILABILITY,domains.list,domains.list,2021-03-25 00:35:43.642238,be447e3fb6b096e3674ecb6a
2f173c5b04.akstat.io,AVAILABILITY,domains.list,domains.list,2021-03-25 00:35:44.357601,be447e3fb6b096e3674ecb6a
2f173c5b05.akstat.io,AVAILABILITY,domains.list,domains.list,2021-03-25 00:35:44.949740,be447e3fb6b096e3674ecb6a
2f173c5b08.akstat.io,AVAILABILITY,domains.list,domains.list,2021-03-25 00:35:50.831414,be447e3fb6b096e3674ecb6a
2f173c5b09.akstat.io,AVAILABILITY,domains.list,domains.list,2021-03-25 00:35:56.621533,be447e3fb6b096e3674ecb6a
2f173e2513.akstat.io,AVAILABILITY,domains.list,domains.list,2021-03-25 00:35:57.288272,be447e3fb6b096e3674ecb6a
2f173e2514.akstat.io,AVAILABILITY,domains.list,domains.list,2021-03-25 00:35:57.962950,be447e3fb6b096e3674ecb6a
2f173e2515.akstat.io,AVAILABILITY,domains.list,domains.list,2021-03-25 00:36:03.756674,be447e3fb6b096e3674ecb6a
2f0211c83c.akstat.io,AVAILABILITY,domains.list,domains.list,2021-03-25 00:36:04.462319,be447e3fb6b096e3674ecb6a
2f0211c83e.akstat.io,AVAILABILITY,domains.list,domains.list,2021-03-25 00:36:10.262391,be447e3fb6b096e3674ecb6a
2f0211c83f.akstat.io,AVAILABILITY,domains.list,domains.list,2021-03-25 00:36:10.932407,be447e3fb6b096e3674ecb6a
2f0211c84d.akstat.io,AVAILABILITY,domains.list,domains.list,2021-03-25 00:36:11.647201,be447e3fb6b096e3674ecb6a
2f0211c812.akstat.io,AVAILABILITY,domains.list,domains.list,2021-03-25 00:36:12.281326,be447e3fb6b096e3674ecb6a
2f0211c813.akstat.io,AVAILABILITY,domains.list,domains.list,2021-03-25 00:36:12.886885,be447e3fb6b096e3674ecb6a
2f0211c814.akstat.io,AVAILABILITY,domains.list,domains.list,2021-03-25 00:36:13.500168,be447e3fb6b096e3674ecb6a
2f0211c816.akstat.io,AVAILABILITY,domains.list,domains.list,2021-03-25 00:36:14.213311,be447e3fb6b096e3674ecb6a
2f0211c844.akstat.io,AVAILABILITY,domains.list,domains.list,2021-03-25 00:36:14.891108,be447e3fb6b096e3674ecb6a
2f364bf6be.akstat.io,AVAILABILITY,domains.list,domains.list,2021-03-25 00:36:15.474247,be447e3fb6b096e3674ecb6a
2f364bf6cc.akstat.io,AVAILABILITY,domains.list,domains.list,2021-03-25 00:36:16.194111,be447e3fb6b096e3674ecb6a
2f364bf52c.akstat.io,AVAILABILITY,domains.list,domains.list,2021-03-25 00:36:16.775144,be447e3fb6b096e3674ecb6a
2f686eb719.akstat.io,AVAILABILITY,domains.list,domains.list,2021-03-25 00:36:17.497241,be447e3fb6b096e3674ecb6a
2f1288af19.akstat.io,AVAILABILITY,domains.list,domains.list,2021-03-25 00:36:18.210988,be447e3fb6b096e3674ecb6a
2f3211c0e1.akstat.io,AVAILABILITY,domains.list,domains.list,2021-03-25 00:36:18.810648,be447e3fb6b096e3674ecb6a
2f60062f0a.akstat.io,AVAILABILITY,domains.list,domains.list,2021-03-25 00:36:19.494964,be447e3fb6b096e3674ecb6a
2f60062f0b.akstat.io,AVAILABILITY,domains.list,domains.list,2021-03-25 00:36:30.503291,be447e3fb6b096e3674ecb6a
2f60062f0c.akstat.io,AVAILABILITY,domains.list,domains.list,2021-03-25 00:36:31.219791,be447e3fb6b096e3674ecb6a
2f60062f06.akstat.io,AVAILABILITY,domains.list,domains.list,2021-03-25 00:36:31.806097,be447e3fb6b096e3674ecb6a
2f60062f08.akstat.io,AVAILABILITY,domains.list,domains.list,2021-03-25 00:36:32.389180,be447e3fb6b096e3674ecb6a
2f60062f09.akstat.io,AVAILABILITY,domains.list,domains.list,2021-03-25 00:36:33.014465,be447e3fb6b096e3674ecb6a
2fae810539.akstat.io,AVAILABILITY,domains.list,domains.list,2021-03-25 00:36:33.681069,be447e3fb6b096e3674ecb6a
2fbitdefender.evyy.net,AVAILABILITY,domains.list,domains.list,2021-03-25 00:36:34.260989,be447e3fb6b096e3674ecb6a
2fblog.crazyegg.com,AVAILABILITY,domains.list,domains.list,2021-03-25 00:36:35.015430,be447e3fb6b096e3674ecb6a
2fefax.evyy.net,AVAILABILITY,domains.list,domains.list,2021-03-25 00:36:40.807686,be447e3fb6b096e3674ecb6a
2fglobaldelight.7eer.net,AVAILABILITY,domains.list,domains.list,2021-03-25 00:36:46.712487,be447e3fb6b096e3674ecb6a
2fhmnlta.adk2x.com,AVAILABILITY,domains.list,domains.list,2021-03-25 00:36:47.634839,be447e3fb6b096e3674ecb6a
2flivecareer.7eer.net,AVAILABILITY,domains.list,domains.list,2021-03-25 00:36:48.246992,be447e3fb6b096e3674ecb6a
2fmint-mobile.pxf.io,AVAILABILITY,domains.list,domains.list,2021-03-25 00:36:48.822692,be447e3fb6b096e3674ecb6a
2fperformicstr.offerstrack.net,AVAILABILITY,domains.list,domains.list,2021-03-25 00:36:49.405717,be447e3fb6b096e3674ecb6a
2fpixel.everesttech.net,AVAILABILITY,domains.list,domains.list,2021-03-25 00:36:50.062543,be447e3fb6b096e3674ecb6a
2fr.skimresources.com,AVAILABILITY,domains.list,domains.list,2021-03-25 00:36:50.758599,be447e3fb6b096e3674ecb6a
2fshutterstock.7eer.net,AVAILABILITY,domains.list,domains.list,2021-03-25 00:36:51.335352,be447e3fb6b096e3674ecb6a
2fspeednetwork14.adk2x.com,AVAILABILITY,domains.list,domains.list,2021-03-25 00:36:52.150246,be447e3fb6b096e3674ecb6a
2fsurveymonkey.pxf.io,AVAILABILITY,domains.list,domains.list,2021-03-25 00:36:53.070616,be447e3fb6b096e3674ecb6a
2fswagbucks.7eer.net,AVAILABILITY,domains.list,domains.list,2021-03-25 00:36:53.666198,be447e3fb6b096e3674ecb6a
2ftechsmith.pxf.io,AVAILABILITY,domains.list,domains.list,2021-03-25 00:36:54.267633,be447e3fb6b096e3674ecb6a
2ftracker.marinsm.com,AVAILABILITY,domains.list,domains.list,2021-03-25 00:36:55.024158,be447e3fb6b096e3674ecb6a
2fuberbv.evyy.net,AVAILABILITY,domains.list,domains.list,2021-03-25 00:36:55.612037,be447e3fb6b096e3674ecb6a
2fwww.crazyegg.com,AVAILABILITY,domains.list,domains.list,2021-03-25 00:36:56.266334,be447e3fb6b096e3674ecb6a
2in.getclicky.com,AVAILABILITY,domains.list,domains.list,2021-03-25 00:36:56.858949,be447e3fb6b096e3674ecb6a
2kbp2.voluumtrk.com,AVAILABILITY,domains.list,domains.list,2021-03-25 00:37:04.313630,be447e3fb6b096e3674ecb6a
2kygq.voluumtrk.com,AVAILABILITY,domains.list,domains.list,2021-03-25 00:37:05.072115,be447e3fb6b096e3674ecb6a
2o7.net,AVAILABILITY,domains.list,domains.list,2021-03-25 00:37:05.640407,be447e3fb6b096e3674ecb6a
2o53s.voluumtrk.com,AVAILABILITY,domains.list,domains.list,2021-03-25 00:37:06.235462,be447e3fb6b096e3674ecb6a
2pn2.notifychheck.com,AVAILABILITY,domains.list,domains.list,2021-03-25 00:37:08.180494,be447e3fb6b096e3674ecb6a
2podcast.crazyegg.com,AVAILABILITY,domains.list,domains.list,2021-03-25 00:37:08.843267,be447e3fb6b096e3674ecb6a
2qb5tjqwga.kameleoon.eu,AVAILABILITY,domains.list,domains.list,2021-03-25 00:37:16.852458,be447e3fb6b096e3674ecb6a
02-rds-test-nym.ad.corp.appnexus.com,AVAILABILITY,domains.list,domains.list,2021-03-25 00:37:17.456404,be447e3fb6b096e3674ecb6a
2rm82.voluumtrk.com,AVAILABILITY,domains.list,domains.list,2021-03-25 00:37:18.089367,be447e3fb6b096e3674ecb6a
002-slq-470.mktoresp.com,AVAILABILITY,domains.list,domains.list,2021-03-25 00:37:18.944696,be447e3fb6b096e3674ecb6a
2sm6o.voluumtrk.com,AVAILABILITY,domains.list,domains.list,2021-03-25 00:37:19.676527,be447e3fb6b096e3674ecb6a
2spl.ir.zeotap.com,AVAILABILITY,domains.list,domains.list,2021-03-25 00:37:25.575646,be447e3fb6b096e3674ecb6a
2static.getclicky.com,AVAILABILITY,domains.list,domains.list,2021-03-25 00:37:26.189758,be447e3fb6b096e3674ecb6a
2tloyssxnu.kameleoon.eu,AVAILABILITY,domains.list,domains.list,2021-03-25 00:37:27.500102,be447e3fb6b096e3674ecb6a
2u2pc.voluumtrk.com,AVAILABILITY,domains.list,domains.list,2021-03-25 00:37:28.108465,be447e3fb6b096e3674ecb6a
2udemy-courses.pxf.io,AVAILABILITY,domains.list,domains.list,2021-03-25 00:37:28.684536,be447e3fb6b096e3674ecb6a
2vci0.voluumtrk.com,AVAILABILITY,domains.list,domains.list,2021-03-25 00:37:29.997468,be447e3fb6b096e3674ecb6a
02-vidyo-router.nym2.appnexus.com,AVAILABILITY,domains.list,domains.list,2021-03-25 00:37:34.655811,be447e3fb6b096e3674ecb6a
2vpvitqpe9.kameleoon.eu,AVAILABILITY,domains.list,domains.list,2021-03-25 00:37:35.234378,be447e3fb6b096e3674ecb6a
2wdhi.voluumtrk2.com,AVAILABILITY,domains.list,domains.list,2021-03-25 00:37:35.842445,be447e3fb6b096e3674ecb6a
2www.crazyegg.com,AVAILABILITY,domains.list,domains.list,2021-03-25 00:37:37.237189,be447e3fb6b096e3674ecb6a
2xrlsbpkby.kameleoon.eu,AVAILABILITY,domains.list,domains.list,2021-03-25 00:37:37.810692,be447e3fb6b096e3674ecb6a
2znp09oa.com,AVAILABILITY,domains.list,domains.list,2021-03-25 00:37:40.431807,be447e3fb6b096e3674ecb6a
3.112.2o7.net,AVAILABILITY,domains.list,domains.list,2021-03-25 00:37:41.111942,be447e3fb6b096e3674ecb6a
03.obs-worker.lax1.appnexus.com,AVAILABILITY,domains.list,domains.list,2021-03-25 00:37:42.874663,be447e3fb6b096e3674ecb6a
3a2a-e3db-50db-813e.reporo.net,AVAILABILITY,domains.list,domains.list,2021-03-25 00:37:44.575634,be447e3fb6b096e3674ecb6a
3a8b-2db6-45fc-27e3.reporo.net,AVAILABILITY,domains.list,domains.list,2021-03-25 00:37:45.500138,be447e3fb6b096e3674ecb6a
3a60-3493-2ef5-707b.reporo.net,AVAILABILITY,domains.list,domains.list,2021-03-25 00:37:47.050648,be447e3fb6b096e3674ecb6a
3aa3-3802-e36a-0af8.reporo.net,AVAILABILITY,domains.list,domains.list,2021-03-25 00:37:48.178546,be447e3fb6b096e3674ecb6a
3-as.tribalfusion.com,AVAILABILITY,domains.list,domains.list,2021-03-25 00:37:48.817541,be447e3fb6b096e3674ecb6a
3bc7-dba3-e6d5-54ca.reporo.net,AVAILABILITY,domains.list,domains.list,2021-03-25 00:37:49.931836,be447e3fb6b096e3674ecb6a
3bktp.voluumtrk.com,AVAILABILITY,domains.list,domains.list,2021-03-25 00:37:50.565514,be447e3fb6b096e3674ecb6a
3cb2-7eb0-d0a4-8391.reporo.net,AVAILABILITY,domains.list,domains.list,2021-03-25 00:37:51.335632,be447e3fb6b096e3674ecb6a
3cf1-eb9d-bc28-9906.reporo.net,AVAILABILITY,domains.list,domains.list,2021-03-25 00:37:57.392439,be447e3fb6b096e3674ecb6a
3d11-2d06-9461-2244.reporo.net,AVAILABILITY,domains.list,domains.list,2021-03-25 00:37:58.440139,be447e3fb6b096e3674ecb6a
3d435cd34347e255ef1536bfbd72413c.api.appsee.com,AVAILABILITY,domains.list,domains.list,2021-03-25 00:37:59.120657,be447e3fb6b096e3674ecb6a
3dp-s.tlnk.io,AVAILABILITY,domains.list,domains.list,2021-03-25 00:38:01.275806,be447e3fb6b096e3674ecb6a
3e2a-43d3-1da7-94be.reporo.net,AVAILABILITY,domains.list,domains.list,2021-03-25 00:38:02.255371,be447e3fb6b096e3674ecb6a
3eb4-90ba-eca1-a7e5.reporo.net,AVAILABILITY,domains.list,domains.list,2021-03-25 00:38:02.943112,be447e3fb6b096e3674ecb6a
3ebc-a747-780c-3e10.reporo.net,AVAILABILITY,domains.list,domains.list,2021-03-25 00:38:09.443459,be447e3fb6b096e3674ecb6a
3ece-5608-732a-5bbd.reporo.net,AVAILABILITY,domains.list,domains.list,2021-03-25 00:38:15.956939,be447e3fb6b096e3674ecb6a
3ee0-7d4b-895a-9fea.reporo.net,AVAILABILITY,domains.list,domains.list,2021-03-25 00:38:17.202076,be447e3fb6b096e3674ecb6a
3-eu.tribalfusion.com,AVAILABILITY,domains.list,domains.list,2021-03-25 00:38:17.804319,be447e3fb6b096e3674ecb6a
3f83-ce4b-78c5-0fa1.reporo.net,AVAILABILITY,domains.list,domains.list,2021-03-25 00:38:18.850478,be447e3fb6b096e3674ecb6a
3flv2.voluumtrk.com,AVAILABILITY,domains.list,domains.list,2021-03-25 00:38:19.464410,be447e3fb6b096e3674ecb6a
3gimg.qq.com,AVAILABILITY,domains.list,domains.list,2021-03-25 00:38:21.198782,be447e3fb6b096e3674ecb6a
3grs6.voluumtrk.com,AVAILABILITY,domains.list,domains.list,2021-03-25 00:38:37.588625,be447e3fb6b096e3674ecb6a
3kn4ekvh6t.kameleoon.eu,AVAILABILITY,domains.list,domains.list,2021-03-25 00:38:39.621491,be447e3fb6b096e3674ecb6a
3mobilse220626.112.2o7.net,AVAILABILITY,domains.list,domains.list,2021-03-25 00:38:41.647338,be447e3fb6b096e3674ecb6a
3point14.g2afse.com,AVAILABILITY,domains.list,domains.list,2021-03-25 00:38:42.945572,be447e3fb6b096e3674ecb6a
3point14.go2affise.com,AVAILABILITY,domains.list,domains.list,2021-03-25 00:38:45.085923,be447e3fb6b096e3674ecb6a
3p-optout.intel.mediamath.com,AVAILABILITY,domains.list,domains.list,2021-03-25 00:38:45.687381,be447e3fb6b096e3674ecb6a
3s.mobvista.com,AVAILABILITY,domains.list,domains.list,2021-03-25 00:38:47.799206,be447e3fb6b096e3674ecb6a
3sec9.voluumtrk.com,AVAILABILITY,domains.list,domains.list,2021-03-25 00:38:48.435898,be447e3fb6b096e3674ecb6a
3sp7pj0q0s.kameleoon.eu,AVAILABILITY,domains.list,domains.list,2021-03-25 00:38:49.038617,be447e3fb6b096e3674ecb6a
3s-smart-rtb.mobvista.com,AVAILABILITY,domains.list,domains.list,2021-03-25 00:38:50.373787,be447e3fb6b096e3674ecb6a
3vqy.tlnk.io,AVAILABILITY,domains.list,domains.list,2021-03-25 00:38:50.951406,be447e3fb6b096e3674ecb6a
3vtuo.voluumtrk.com,AVAILABILITY,domains.list,domains.list,2021-03-25 00:38:51.566307,be447e3fb6b096e3674ecb6a
3yea8i1f2l.kameleoon.eu,AVAILABILITY,domains.list,domains.list,2021-03-25 00:38:58.108213,be447e3fb6b096e3674ecb6a
04.jh-api.nym2.appnexus.com,AVAILABILITY,domains.list,domains.list,2021-03-25 00:39:04.800448,be447e3fb6b096e3674ecb6a
04.rt.nym2.appnexus.com,AVAILABILITY,domains.list,domains.list,2021-03-25 00:39:05.518234,be447e3fb6b096e3674ecb6a
4b00-91d5-da85-58ce.reporo.net,AVAILABILITY,domains.list,domains.list,2021-03-25 00:39:06.958087,be447e3fb6b096e3674ecb6a
4ba5-b798-1668-fd90.reporo.net,AVAILABILITY,domains.list,domains.list,2021-03-25 00:39:07.607146,be447e3fb6b096e3674ecb6a
4ba6-e36d-9906-6c03.reporo.net,AVAILABILITY,domains.list,domains.list,2021-03-25 00:39:08.860424,be447e3fb6b096e3674ecb6a
4bca-d658-a4da-12c8.reporo.net,AVAILABILITY,domains.list,domains.list,2021-03-25 00:39:10.024724,be447e3fb6b096e3674ecb6a
4bd9-6a9a-8cfe-ec69.reporo.net,AVAILABILITY,domains.list,domains.list,2021-03-25 00:39:10.803779,be447e3fb6b096e3674ecb6a
004-btr-463.mktoresp.com,AVAILABILITY,domains.list,domains.list,2021-03-25 00:39:11.712877,be447e3fb6b096e3674ecb6a
4c25-408d-c7ca-68f1.reporo.net,AVAILABILITY,domains.list,domains.list,2021-03-25 00:39:12.836688,be447e3fb6b096e3674ecb6a
4club.mirtesen.ru,AVAILABILITY,domains.list,domains.list,2021-03-25 00:39:20.111340,be447e3fb6b096e3674ecb6a
4cu3b.voluumtrk.com,AVAILABILITY,domains.list,domains.list,2021-03-25 00:39:20.773225,be447e3fb6b096e3674ecb6a
4d1e-d99a-ee7d-0db7.reporo.net,AVAILABILITY,domains.list,domains.list,2021-03-25 00:39:21.910889,be447e3fb6b096e3674ecb6a
4d80-dd41-9ed3-33b1.reporo.net,AVAILABILITY,domains.list,domains.list,2021-03-25 00:39:27.939408,be447e3fb6b096e3674ecb6a
4d.condenastdigital.com,AVAILABILITY,domains.list,domains.list,2021-03-25 00:39:28.606801,be447e3fb6b096e3674ecb6a
04-dc-lax1.ad.corp.appnexus.com,AVAILABILITY,domains.list,domains.list,2021-03-25 00:39:29.180101,be447e3fb6b096e3674ecb6a
04-dc-nym2.ad.corp.appnexus.com,AVAILABILITY,domains.list,domains.list,2021-03-25 00:39:34.997261,be447e3fb6b096e3674ecb6a
4dsply.com,AVAILABILITY,domains.list,domains.list,2021-03-25 00:39:35.578551,be447e3fb6b096e3674ecb6a
4e93-6203-2401-d118.reporo.net,AVAILABILITY,domains.list,domains.list,2021-03-25 00:39:36.006289,be447e3fb6b096e3674ecb6a
4ef0-47aa-23e2-69ab.reporo.net,AVAILABILITY,domains.list,domains.list,2021-03-25 00:39:36.644912,be447e3fb6b096e3674ecb6a
4eokxha0ov.kameleoon.eu,AVAILABILITY,domains.list,domains.list,2021-03-25 00:39:37.293188,be447e3fb6b096e3674ecb6a
4f8f-baf5-1641-348a.reporo.net,AVAILABILITY,domains.list,domains.list,2021-03-25 00:39:44.020699,be447e3fb6b096e3674ecb6a
04fd-74b3-b2f6-c645.reporo.net,AVAILABILITY,domains.list,domains.list,2021-03-25 00:39:44.716486,be447e3fb6b096e3674ecb6a
4gig.tlnk.io,AVAILABILITY,domains.list,domains.list,2021-03-25 00:39:46.522314,be447e3fb6b096e3674ecb6a
4gvl7x5cit.kameleoon.eu,AVAILABILITY,domains.list,domains.list,2021-03-25 00:39:47.135202,be447e3fb6b096e3674ecb6a
4hcq.tlnk.io,AVAILABILITY,domains.list,domains.list,2021-03-25 00:39:47.786710,be447e3fb6b096e3674ecb6a
4hezbq5rbo.kameleoon.eu,AVAILABILITY,domains.list,domains.list,2021-03-25 00:39:48.397227,be447e3fb6b096e3674ecb6a
4imprint.com.102.112.2o7.net,AVAILABILITY,domains.list,domains.list,2021-03-25 00:39:49.724143,be447e3fb6b096e3674ecb6a
4jnzhl0d0.com,AVAILABILITY,domains.list,domains.list,2021-03-25 00:39:50.291355,be447e3fb6b096e3674ecb6a
4kolesa.mirtesen.ru,AVAILABILITY,domains.list,domains.list,2021-03-25 00:39:53.313390,be447e3fb6b096e3674ecb6a
4mva19unaf.kameleoon.eu,AVAILABILITY,domains.list,domains.list,2021-03-25 00:39:53.947344,be447e3fb6b096e3674ecb6a
4serp.voluumtrk.com,AVAILABILITY,domains.list,domains.list,2021-03-25 00:39:56.035807,be447e3fb6b096e3674ecb6a
4thsource.actonsoftware.com,AVAILABILITY,domains.list,domains.list,2021-03-25 00:39:57.477141,be447e3fb6b096e3674ecb6a
4travel.d1.sc.omtrdc.net,AVAILABILITY,domains.list,domains.list,2021-03-25 00:39:58.143809,be447e3fb6b096e3674ecb6a
4vhb2.voluumtrk.com,AVAILABILITY,domains.list,domains.list,2021-03-25 00:40:01.105832,be447e3fb6b096e3674ecb6a
4vkusa.mirtesen.ru,AVAILABILITY,domains.list,domains.list,2021-03-25 00:40:02.228328,be447e3fb6b096e3674ecb6a
4woi.tlnk.io,AVAILABILITY,domains.list,domains.list,2021-03-25 00:40:02.998404,be447e3fb6b096e3674ecb6a
4wxs6oxv5s.kameleoon.eu,AVAILABILITY,domains.list,domains.list,2021-03-25 00:40:08.785976,be447e3fb6b096e3674ecb6a
4ycp.tlnk.io,AVAILABILITY,domains.list,domains.list,2021-03-25 00:40:09.406178,be447e3fb6b096e3674ecb6a
005.free-counters.co.uk,AVAILABILITY,domains.list,domains.list,2021-03-25 00:40:10.124829,be447e3fb6b096e3674ecb6a
05.webtrekk.net,AVAILABILITY,domains.list,domains.list,2021-03-25 00:40:12.301028,be447e3fb6b096e3674ecb6a
5a1b-3376-4663-4d8d.reporo.net,AVAILABILITY,domains.list,domains.list,2021-03-25 00:40:13.051028,be447e3fb6b096e3674ecb6a
5a6b-909e-a9d0-a04b.reporo.net,AVAILABILITY,domains.list,domains.list,2021-03-25 00:40:13.879223,be447e3fb6b096e3674ecb6a
5a62-a149-584b-e6a9.reporo.net,AVAILABILITY,domains.list,domains.list,2021-03-25 00:40:14.524493,be447e3fb6b096e3674ecb6a
5a01-7179-aff0-e538.reporo.net,AVAILABILITY,domains.list,domains.list,2021-03-25 00:40:15.231591,be447e3fb6b096e3674ecb6a
5aef0.v.fwmrm.net,AVAILABILITY,domains.list,domains.list,2021-03-25 00:40:16.653761,be447e3fb6b096e3674ecb6a
5af10.v.fwmrm.net,AVAILABILITY,domains.list,domains.list,2021-03-25 00:40:17.530145,be447e3fb6b096e3674ecb6a
5b1d-0448-119b-79c6.reporo.net,AVAILABILITY,domains.list,domains.list,2021-03-25 00:40:28.979411,be447e3fb6b096e3674ecb6a
5b5b-4abb-e3d5-e178.reporo.net,AVAILABILITY,domains.list,domains.list,2021-03-25 00:40:29.692914,be447e3fb6b096e3674ecb6a
5b09-2a2c-b220-3e71.reporo.net,AVAILABILITY,domains.list,domains.list,2021-03-25 00:40:35.721888,be447e3fb6b096e3674ecb6a
5bb3d.v.fwmrm.net,AVAILABILITY,domains.list,domains.list,2021-03-25 00:40:42.157718,be447e3fb6b096e3674ecb6a
5bb41.v.fwmrm.net,AVAILABILITY,domains.list,domains.list,2021-03-25 00:40:43.148402,be447e3fb6b096e3674ecb6a
5bb44.v.fwmrm.net,AVAILABILITY,domains.list,domains.list,2021-03-25 00:40:43.885446,be447e3fb6b096e3674ecb6a
5bde1.v.fwmrm.net,AVAILABILITY,domains.list,domains.list,2021-03-25 00:40:44.927817,be447e3fb6b096e3674ecb6a
5bec9.v.fwmrm.net,AVAILABILITY,domains.list,domains.list,2021-03-25 00:40:46.652776,be447e3fb6b096e3674ecb6a
5c7d9.v.fwmrm.net,AVAILABILITY,domains.list,domains.list,2021-03-25 00:40:48.717671,be447e3fb6b096e3674ecb6a
5c910.v.fwmrm.net,AVAILABILITY,domains.list,domains.list,2021-03-25 00:40:50.796171,be447e3fb6b096e3674ecb6a
5cfe7.s.fwmrm.net,AVAILABILITY,domains.list,domains.list,2021-03-25 00:40:59.061058,be447e3fb6b096e3674ecb6a
5ctkqcpb29.kameleoon.eu,AVAILABILITY,domains.list,domains.list,2021-03-25 00:40:59.646765,be447e3fb6b096e3674ecb6a
5d0b6.v.fwmrm.net,AVAILABILITY,domains.list,domains.list,2021-03-25 00:41:00.361584,be447e3fb6b096e3674ecb6a
5d0dd.s.fwmrm.net,AVAILABILITY,domains.list,domains.list,2021-03-25 00:41:01.367457,be447e3fb6b096e3674ecb6a
5d3e9.v.fwmrm.net,AVAILABILITY,domains.list,domains.list,2021-03-25 00:41:03.065252,be447e3fb6b096e3674ecb6a
5d4a1.v.fwmrm.net,AVAILABILITY,domains.list,domains.list,2021-03-25 00:41:03.905142,be447e3fb6b096e3674ecb6a
5d25-e8de-1704-a309.reporo.net,AVAILABILITY,domains.list,domains.list,2021-03-25 00:41:07.828519,be447e3fb6b096e3674ecb6a
5d40a.v.fwmrm.net,AVAILABILITY,domains.list,domains.list,2021-03-25 00:41:08.510299,be447e3fb6b096e3674ecb6a
5d40b.s.fwmrm.net,AVAILABILITY,domains.list,domains.list,2021-03-25 00:41:24.956523,be447e3fb6b096e3674ecb6a
5d40b.v.fwmrm.net,AVAILABILITY,domains.list,domains.list,2021-03-25 00:41:30.837417,be447e3fb6b096e3674ecb6a
5d54b.v.fwmrm.net,AVAILABILITY,domains.list,domains.list,2021-03-25 00:41:36.940316,be447e3fb6b096e3674ecb6a
5d56a.v.fwmrm.net,AVAILABILITY,domains.list,domains.list,2021-03-25 00:41:37.869113,be447e3fb6b096e3674ecb6a
5d56b.v.fwmrm.net,AVAILABILITY,domains.list,domains.list,2021-03-25 00:41:38.763595,be447e3fb6b096e3674ecb6a
5d401.v.fwmrm.net,AVAILABILITY,domains.list,domains.list,2021-03-25 00:41:40.310784,be447e3fb6b096e3674ecb6a
5d402.v.fwmrm.net,AVAILABILITY,domains.list,domains.list,2021-03-25 00:41:40.986731,be447e3fb6b096e3674ecb6a
5d404.v.fwmrm.net,AVAILABILITY,domains.list,domains.list,2021-03-25 00:41:42.312531,be447e3fb6b096e3674ecb6a
5d406.v.fwmrm.net,AVAILABILITY,domains.list,domains.list,2021-03-25 00:41:43.065652,be447e3fb6b096e3674ecb6a
5d423.v.fwmrm.net,AVAILABILITY,domains.list,domains.list,2021-03-25 00:41:44.546554,be447e3fb6b096e3674ecb6a
5d425.v.fwmrm.net,AVAILABILITY,domains.list,domains.list,2021-03-25 00:41:45.366193,be447e3fb6b096e3674ecb6a
5d457.v.fwmrm.net,AVAILABILITY,domains.list,domains.list,2021-03-25 00:41:46.638554,be447e3fb6b096e3674ecb6a
05-dc-nym2.ad.corp.appnexus.com,AVAILABILITY,domains.list,domains.list,2021-03-25 00:41:50.032576,be447e3fb6b096e3674ecb6a
5e0d2.v.fwmrm.net,AVAILABILITY,domains.list,domains.list,2021-03-25 00:41:50.828443,be447e3fb6b096e3674ecb6a
5e124.v.fwmrm.net,AVAILABILITY,domains.list,domains.list,2021-03-25 00:41:51.897200,be447e3fb6b096e3674ecb6a
5e528.v.fwmrm.net,AVAILABILITY,domains.list,domains.list,2021-03-25 00:41:52.918970,be447e3fb6b096e3674ecb6a
5e529.v.fwmrm.net,AVAILABILITY,domains.list,domains.list,2021-03-25 00:41:55.222815,be447e3fb6b096e3674ecb6a
5f9c-51e9-4ba2-8184.reporo.net,AVAILABILITY,domains.list,domains.list,2021-03-25 00:41:56.493277,be447e3fb6b096e3674ecb6a
5f651e6e.akstat.io,AVAILABILITY,domains.list,domains.list,2021-03-25 00:41:58.604040,be447e3fb6b096e3674ecb6a
5f651e6f.akstat.io,AVAILABILITY,domains.list,domains.list,2021-03-25 00:41:59.246476,be447e3fb6b096e3674ecb6a
5f651e62.akstat.io,AVAILABILITY,domains.list,domains.list,2021-03-25 00:42:05.207572,be447e3fb6b096e3674ecb6a
5f651e63.akstat.io,AVAILABILITY,domains.list,domains.list,2021-03-25 00:42:05.808304,be447e3fb6b096e3674ecb6a
5f651e64.akstat.io,AVAILABILITY,domains.list,domains.list,2021-03-25 00:42:06.500066,be447e3fb6b096e3674ecb6a
5f651e70.akstat.io,AVAILABILITY,domains.list,domains.list,2021-03-25 00:42:17.577772,be447e3fb6b096e3674ecb6a
5f651e71.akstat.io,AVAILABILITY,domains.list,domains.list,2021-03-25 00:42:18.181444,be447e3fb6b096e3674ecb6a
5f651e72.akstat.io,AVAILABILITY,domains.list,domains.list,2021-03-25 00:42:23.987314,be447e3fb6b096e3674ecb6a
5fa8f.v.fwmrm.net,AVAILABILITY,domains.list,domains.list,2021-03-25 00:42:30.048633,be447e3fb6b096e3674ecb6a
5fb59.v.fwmrm.net,AVAILABILITY,domains.list,domains.list,2021-03-25 00:42:30.980708,be447e3fb6b096e3674ecb6a
5fc-b.tlnk.io,AVAILABILITY,domains.list,domains.list,2021-03-25 00:42:38.325866,be447e3fb6b096e3674ecb6a
5fcbb.v.fwmrm.net,AVAILABILITY,domains.list,domains.list,2021-03-25 00:42:44.799778,be447e3fb6b096e3674ecb6a
5fd74.v.fwmrm.net,AVAILABILITY,domains.list,domains.list,2021-03-25 00:42:45.587624,be447e3fb6b096e3674ecb6a
5fd75.v.fwmrm.net,AVAILABILITY,domains.list,domains.list,2021-03-25 00:42:46.299178,be447e3fb6b096e3674ecb6a
5g.adx1.com,AVAILABILITY,domains.list,domains.list,2021-03-25 00:42:47.686765,be447e3fb6b096e3674ecb6a
5kc64lkuuc.kameleoon.eu,AVAILABILITY,domains.list,domains.list,2021-03-25 00:42:49.704091,be447e3fb6b096e3674ecb6a
5mw.adx1.com,AVAILABILITY,domains.list,domains.list,2021-03-25 00:42:51.780746,be447e3fb6b096e3674ecb6a
5nlvgyf91g.kameleoon.eu,AVAILABILITY,domains.list,domains.list,2021-03-25 00:42:52.378702,be447e3fb6b096e3674ecb6a
5or4.tlnk.io,AVAILABILITY,domains.list,domains.list,2021-03-25 00:42:53.124074,be447e3fb6b096e3674ecb6a
5r9kzxg265.kameleoon.eu,AVAILABILITY,domains.list,domains.list,2021-03-25 00:42:54.436489,be447e3fb6b096e3674ecb6a
5rnl.adx1.com,AVAILABILITY,domains.list,domains.list,2021-03-25 00:42:55.017941,be447e3fb6b096e3674ecb6a
5tujb.voluumtrk.com,AVAILABILITY,domains.list,domains.list,2021-03-25 00:42:55.729969,be447e3fb6b096e3674ecb6a
5vorflug.inq.com,AVAILABILITY,domains.list,domains.list,2021-03-25 00:42:57.098376,be447e3fb6b096e3674ecb6a
5vorflug.touchcommerce.com,AVAILABILITY,domains.list,domains.list,2021-03-25 00:43:00.790438,be447e3fb6b096e3674ecb6a
5ya.adx1.com,AVAILABILITY,domains.list,domains.list,2021-03-25 00:43:01.441864,be447e3fb6b096e3674ecb6a
6.adsco.re,AVAILABILITY,domains.list,domains.list,2021-03-25 00:43:02.029056,be447e3fb6b096e3674ecb6a
006.free-counters.co.uk,AVAILABILITY,domains.list,domains.list,2021-03-25 00:43:06.641397,be447e3fb6b096e3674ecb6a
06.webtrekk.net,AVAILABILITY,domains.list,domains.list,2021-03-25 00:43:07.363702,be447e3fb6b096e3674ecb6a
6a6a-2e6a-727a-7671.reporo.net,AVAILABILITY,domains.list,domains.list,2021-03-25 00:43:08.179457,be447e3fb6b096e3674ecb6a
6a6a-e94c-3222-4f1d.reporo.net,AVAILABILITY,domains.list,domains.list,2021-03-25 00:43:08.948907,be447e3fb6b096e3674ecb6a
6a34-a2e6-4331-6832.reporo.net,AVAILABILITY,domains.list,domains.list,2021-03-25 00:43:09.701485,be447e3fb6b096e3674ecb6a
6a67-7976-7476-6775.reporo.net,AVAILABILITY,domains.list,domains.list,2021-03-25 00:43:10.402733,be447e3fb6b096e3674ecb6a
6ae6-f579-2f31-2cce.reporo.net,AVAILABILITY,domains.list,domains.list,2021-03-25 00:43:11.898118,be447e3fb6b096e3674ecb6a
6aee-cb78-3379-8e1a.reporo.net,AVAILABILITY,domains.list,domains.list,2021-03-25 00:43:12.534746,be447e3fb6b096e3674ecb6a
6b148a22.akstat.io,AVAILABILITY,domains.list,domains.list,2021-03-25 00:43:13.956897,be447e3fb6b096e3674ecb6a
6b148a64.akstat.io,AVAILABILITY,domains.list,domains.list,2021-03-25 00:43:15.239365,be447e3fb6b096e3674ecb6a
6b148a70.akstat.io,AVAILABILITY,domains.list,domains.list,2021-03-25 00:43:16.556725,be447e3fb6b096e3674ecb6a
6b148a80.akstat.io,AVAILABILITY,domains.list,domains.list,2021-03-25 00:43:17.842227,be447e3fb6b096e3674ecb6a
6ba2-0f74-4423-04e0.reporo.net,AVAILABILITY,domains.list,domains.list,2021-03-25 00:43:19.861749,be447e3fb6b096e3674ecb6a
6bvya.voluumtrk.com,AVAILABILITY,domains.list,domains.list,2021-03-25 00:43:25.650130,be447e3fb6b096e3674ecb6a
