idna_subject,checker_type,destination,tested_at
0o4vyd7cqp.mentalist.kameleoon.com,AVAILABILITY,domains.list,2021-03-01 05:40:10.075291
0qkt6um309.mentalist.kameleoon.com,AVAILABILITY,domains.list,2021-03-01 05:40:10.537436
0sfzz.ouasflpydty21tf.bapb.gdn,AVAILABILITY,domains.list,2021-03-01 05:40:10.986571
01.bind-gateway.nym2.appnexus.com,AVAILABILITY,domains.list,2021-03-01 05:40:12.907994
01.bsg-coupa-prod.nym2.appnexus.com,AVAILABILITY,domains.list,2021-03-01 05:40:13.175486
01.bitdefender.nym2.appnexus.com,AVAILABILITY,domains.list,2021-03-01 05:40:13.740982
01.auth.fra1.appnexus.com,AVAILABILITY,domains.list,2021-03-01 05:40:13.901454
01.bsg-coupa-sand.nym2.appnexus.com,AVAILABILITY,domains.list,2021-03-01 05:40:14.520887
01.credentials-api.fra1.appnexus.com,AVAILABILITY,domains.list,2021-03-01 05:40:14.871111
01.catchpoint.sin1.appnexus.com,AVAILABILITY,domains.list,2021-03-01 05:40:15.445978
01.credentials-api.ams1.appnexus.com,AVAILABILITY,domains.list,2021-03-01 05:40:15.777218
01.credentials-api.nym2.appnexus.com,AVAILABILITY,domains.list,2021-03-01 05:40:16.118460
01.credentials-api.lax1.appnexus.com,AVAILABILITY,domains.list,2021-03-01 05:40:16.201236
01.credentials-api.sin1.appnexus.com,AVAILABILITY,domains.list,2021-03-01 05:40:16.399977
01.esxi-host.sin1.appnexus.com,AVAILABILITY,domains.list,2021-03-01 05:40:17.585939
01.jevans-sand.ams1.appnexus.com,AVAILABILITY,domains.list,2021-03-01 05:40:19.109937
01.kdc.sin1.appnexus.com,AVAILABILITY,domains.list,2021-03-01 05:40:20.264621
01.krbize.sin1.appnexus.com,AVAILABILITY,domains.list,2021-03-01 05:40:21.475118
01.lg.nrt1.appnexus.com,AVAILABILITY,domains.list,2021-03-01 05:40:21.836220
01.monitoring-corp.lax1.appnexus.com,AVAILABILITY,domains.list,2021-03-01 05:40:22.245472
01.monsiteagent.mgmt.lax1.appnexus.com,AVAILABILITY,domains.list,2021-03-01 05:40:22.311552
01.oas-techwiki.nym2.appnexus.com,AVAILABILITY,domains.list,2021-03-01 05:40:22.565712
01.lg.sin1.appnexus.com,AVAILABILITY,domains.list,2021-03-01 05:40:22.666812
01.pbx-sand.nym2.appnexus.com,AVAILABILITY,domains.list,2021-03-01 05:40:23.159427
01.podcast.nym2.appnexus.com,AVAILABILITY,domains.list,2021-03-01 05:40:23.568657
1.t.onthe.io,AVAILABILITY,domains.list,2021-03-01 05:40:25.245662
01.vidyo-p.nyc2.appnexus.com,AVAILABILITY,domains.list,2021-03-01 05:40:25.898623
01.vidyo-stream-proxy.nym2.appnexus.com,AVAILABILITY,domains.list,2021-03-01 05:40:26.610281
01.webproxy.lax1.appnexus.com,AVAILABILITY,domains.list,2021-03-01 05:40:26.871780
01.webproxy.nym2.appnexus.com,AVAILABILITY,domains.list,2021-03-01 05:40:26.918631
01.webproxy.ams1.appnexus.com,AVAILABILITY,domains.list,2021-03-01 05:40:27.170789
01.webproxy.sin1.appnexus.com,AVAILABILITY,domains.list,2021-03-01 05:40:27.472598
01.xmpp.lax1.appnexus.com,AVAILABILITY,domains.list,2021-03-01 05:40:27.591026
1ad-rocks.go2affise.com,AVAILABILITY,domains.list,2021-03-01 05:40:28.752925
1c.news-subscribe.com,AVAILABILITY,domains.list,2021-03-01 05:40:33.563533
01-dc-nym1.test.corp.appnexus.com,AVAILABILITY,domains.list,2021-03-01 05:40:48.321242
01-exchange.test.corp.appnexus.com,AVAILABILITY,domains.list,2021-03-01 05:40:55.602766
01-exch-lax1.ad.corp.appnexus.com,AVAILABILITY,domains.list,2021-03-01 05:40:59.368826
1faax-us-east.amazon-adsystem.com,AVAILABILITY,domains.list,2021-03-01 05:41:00.021551
1k.news-subscribe.com,AVAILABILITY,domains.list,2021-03-01 05:41:00.842426
01-exch-nym2.ad.corp.appnexus.com,AVAILABILITY,domains.list,2021-03-01 05:41:09.320708
1stnationalbank.com.102.112.2o7.net,AVAILABILITY,domains.list,2021-03-01 05:41:17.967369
02.bind-gateway.nym2.appnexus.com,AVAILABILITY,domains.list,2021-03-01 05:41:21.557657
02.catchpoint.sin1.appnexus.com,AVAILABILITY,domains.list,2021-03-01 05:41:22.217160
02.stab.nym2.appnexus.com,AVAILABILITY,domains.list,2021-03-01 05:41:22.936903
02.xmpp.nym2.appnexus.com,AVAILABILITY,domains.list,2021-03-01 05:41:23.347870
2a86.v.fwmrm.net,AVAILABILITY,domains.list,2021-03-01 05:41:27.297032
01-winserv.test.corp.appnexus.com,AVAILABILITY,domains.list,2021-03-01 05:41:30.851217
2cd63.v.fwmrm.net,AVAILABILITY,domains.list,2021-03-01 05:41:32.979733
2cd5c.v.fwmrm.net,AVAILABILITY,domains.list,2021-03-01 05:41:33.219362
2d37.v.fwmrm.net,AVAILABILITY,domains.list,2021-03-01 05:41:34.199977
2df7d.v.fwmrm.net,AVAILABILITY,domains.list,2021-03-01 05:41:36.573563
2df7f.v.fwmrm.net,AVAILABILITY,domains.list,2021-03-01 05:41:37.688347
2dfx7e.v.fwmrm.net,AVAILABILITY,domains.list,2021-03-01 05:41:38.700883
02-dc-lax1.test.corp.appnexus.com,AVAILABILITY,domains.list,2021-03-01 05:41:45.201538
2e33b7c9.mpstat.us,AVAILABILITY,domains.list,2021-03-01 05:41:48.476985
2e33b7ca.mpstat.us,AVAILABILITY,domains.list,2021-03-01 05:41:49.604022
2e33b7cf.mpstat.us,AVAILABILITY,domains.list,2021-03-01 05:41:49.784987
2e33b7d3.mpstat.us,AVAILABILITY,domains.list,2021-03-01 05:41:51.064958
2e71d.v.fwmrm.net,AVAILABILITY,domains.list,2021-03-01 05:41:51.794581
02-exchange.test.corp.appnexus.com,AVAILABILITY,domains.list,2021-03-01 05:42:11.562651
2fhmnlta.adk2x.com,AVAILABILITY,domains.list,2021-03-01 05:42:14.836365
2fspeednetwork14.adk2x.com,AVAILABILITY,domains.list,2021-03-01 05:42:17.295748
2p.news-subscribe.com,AVAILABILITY,domains.list,2021-03-01 05:42:18.950352
2o.facebook-info.co,AVAILABILITY,domains.list,2021-03-01 05:42:19.341733
2q.news-subscribe.com,AVAILABILITY,domains.list,2021-03-01 05:42:20.006101
2tazz.lyfd2xzauti9d8p.bapb.gdn,AVAILABILITY,domains.list,2021-03-01 05:42:21.807813
2v.news-subscribe.com,AVAILABILITY,domains.list,2021-03-01 05:42:22.026378
2we41ywpey.mentalist.kameleoon.com,AVAILABILITY,domains.list,2021-03-01 05:42:22.593063
02y7m1at09.mentalist.kameleoon.com,AVAILABILITY,domains.list,2021-03-01 05:42:22.918759
2xrzz.lyfd2xzauti9d8p.bapb.gdn,AVAILABILITY,domains.list,2021-03-01 05:42:23.577133
03.corpwiki.nym2.appnexus.com,AVAILABILITY,domains.list,2021-03-01 05:42:24.099853
2z3.vawdcurticate.review,AVAILABILITY,domains.list,2021-03-01 05:42:24.609456
03.zimbra.nym2.appnexus.com,AVAILABILITY,domains.list,2021-03-01 05:42:24.807858
3a484.v.fwmrm.net,AVAILABILITY,domains.list,2021-03-01 05:42:25.354096
3d.news-subscribe.com,AVAILABILITY,domains.list,2021-03-01 05:42:27.758078
3dnews.onthe.io,AVAILABILITY,domains.list,2021-03-01 05:42:28.162486
3j.news-subscribe.com,AVAILABILITY,domains.list,2021-03-01 05:42:30.866929
3k4hppja.stream,AVAILABILITY,domains.list,2021-03-01 05:42:31.261028
3kn4ekvh6t.mentalist.kameleoon.com,AVAILABILITY,domains.list,2021-03-01 05:42:31.416773
3m.anarchy99.info,AVAILABILITY,domains.list,2021-03-01 05:42:31.695170
3-pxl-rtg.today,AVAILABILITY,domains.list,2021-03-01 05:42:34.868397
3qdigital.adlegend.com,AVAILABILITY,domains.list,2021-03-01 05:42:35.405227
3sp7pj0q0s.mentalist.kameleoon.com,AVAILABILITY,domains.list,2021-03-01 05:42:37.176902
3y6wkio4ih.mentalist.kameleoon.com,AVAILABILITY,domains.list,2021-03-01 05:42:38.608730
3zunfmr5bf.mentalist.kameleoon.com,AVAILABILITY,domains.list,2021-03-01 05:42:39.367013
4alzz.ouasflpydty21tf.bapb.gdn,AVAILABILITY,domains.list,2021-03-01 05:42:40.801148
3pas.brightroll.com,AVAILABILITY,domains.list,2021-03-01 05:42:44.422717
4eokxha0ov.mentalist.kameleoon.com,AVAILABILITY,domains.list,2021-03-01 05:42:49.062876
4i.news-subscribe.com,AVAILABILITY,domains.list,2021-03-01 05:42:50.450428
4kczz.lyfd2xzauti9d8p.bapb.gdn,AVAILABILITY,domains.list,2021-03-01 05:42:50.844490
4qu6tdnxqz.mentalist.kameleoon.com,AVAILABILITY,domains.list,2021-03-01 05:42:51.445093
4oz2rj6t.site,AVAILABILITY,domains.list,2021-03-01 05:42:51.468093
4t.news-subscribe.com,AVAILABILITY,domains.list,2021-03-01 05:42:51.677318
4v.news-subscribe.com,AVAILABILITY,domains.list,2021-03-01 05:42:52.010641
05.obs-worker.lax1.appnexus.com,AVAILABILITY,domains.list,2021-03-01 05:42:53.622802
5be16.v.fwmrm.net,AVAILABILITY,domains.list,2021-03-01 05:43:04.299317
5c6f2.v.fwmrm.net,AVAILABILITY,domains.list,2021-03-01 05:43:05.947691
5c94f.v.fwmrm.net,AVAILABILITY,domains.list,2021-03-01 05:43:07.275572
5c318.v.fwmrm.net,AVAILABILITY,domains.list,2021-03-01 05:43:07.603672
5cdf.spidermobi.com,AVAILABILITY,domains.list,2021-03-01 05:43:08.305172
5ca90.v.fwmrm.net,AVAILABILITY,domains.list,2021-03-01 05:43:08.618739
5cc91.v.fwmrm.net,AVAILABILITY,domains.list,2021-03-01 05:43:09.410117
5d0dd.v.fwmrm.net,AVAILABILITY,domains.list,2021-03-01 05:43:11.082037
5d7df.v.fwmrm.net,AVAILABILITY,domains.list,2021-03-01 05:43:12.536729
5d7e0.v.fwmrm.net,AVAILABILITY,domains.list,2021-03-01 05:43:13.242788
5d7e0.s.fwmrm.net,AVAILABILITY,domains.list,2021-03-01 05:43:13.410286
5d08a.v.fwmrm.net,AVAILABILITY,domains.list,2021-03-01 05:43:14.118199
5d427.v.fwmrm.net,AVAILABILITY,domains.list,2021-03-01 05:43:27.120867
5d538.v.fwmrm.net,AVAILABILITY,domains.list,2021-03-01 05:43:28.633124
5d538.s.fwmrm.net,AVAILABILITY,domains.list,2021-03-01 05:43:29.227026
5d695.s.fwmrm.net,AVAILABILITY,domains.list,2021-03-01 05:43:30.354768
5d926.v.fwmrm.net,AVAILABILITY,domains.list,2021-03-01 05:43:30.667953
5f95b.v.fwmrm.net,AVAILABILITY,domains.list,2021-03-01 05:43:34.006122
5f456.v.fwmrm.net,AVAILABILITY,domains.list,2021-03-01 05:43:34.672461
5fc45.s.fwmrm.net,AVAILABILITY,domains.list,2021-03-01 05:43:38.516236
5fc45.v.fwmrm.net,AVAILABILITY,domains.list,2021-03-01 05:43:39.031904
5ff08.v.fwmrm.net,AVAILABILITY,domains.list,2021-03-01 05:43:42.988985
5g.news-subscribe.com,AVAILABILITY,domains.list,2021-03-01 05:43:43.642382
5gl11nopp7.mentalist.kameleoon.com,AVAILABILITY,domains.list,2021-03-01 05:43:43.732436
5kc64lkuuc.mentalist.kameleoon.com,AVAILABILITY,domains.list,2021-03-01 05:43:44.053687
5lgzz.ouasflpydty21tf.bapb.gdn,AVAILABILITY,domains.list,2021-03-01 05:43:44.280828
5p8zz.lyfd2xzauti9d8p.bapb.gdn,AVAILABILITY,domains.list,2021-03-01 05:43:45.044717
5v7n0xxzxq.mentalist.kameleoon.com,AVAILABILITY,domains.list,2021-03-01 05:43:45.990653
6b16e907.mpstat.us,AVAILABILITY,domains.list,2021-03-01 05:43:49.954529
6b148a64.mpstat.us,AVAILABILITY,domains.list,2021-03-01 05:43:50.992838
6b148a22.mpstat.us,AVAILABILITY,domains.list,2021-03-01 05:43:51.077737
6b148a70.mpstat.us,AVAILABILITY,domains.list,2021-03-01 05:43:51.387219
6cc2473.mpstat.us,AVAILABILITY,domains.list,2021-03-01 05:43:52.523367
6b148a80.mpstat.us,AVAILABILITY,domains.list,2021-03-01 05:43:52.687823
6d.news-subscribe.com,AVAILABILITY,domains.list,2021-03-01 05:43:53.334795
6dm9krzf9y.mentalist.kameleoon.com,AVAILABILITY,domains.list,2021-03-01 05:43:53.633635
6f.news-subscribe.com,AVAILABILITY,domains.list,2021-03-01 05:43:54.371764
6idzz.ouasflpydty21tf.bapb.gdn,AVAILABILITY,domains.list,2021-03-01 05:43:55.730501
6n6zz.lyfd2xzauti9d8p.bapb.gdn,AVAILABILITY,domains.list,2021-03-01 05:43:56.188007
6ojzmr0ou5.mentalist.kameleoon.com,AVAILABILITY,domains.list,2021-03-01 05:43:56.487912
6r.news-subscribe.com,AVAILABILITY,domains.list,2021-03-01 05:43:56.501392
6s.news-subscribe.com,AVAILABILITY,domains.list,2021-03-01 05:43:57.042295
6ywzz.6hqk9cjhg.bapb.gdn,AVAILABILITY,domains.list,2021-03-01 05:43:57.419029
07.git.nym2.appnexus.com,AVAILABILITY,domains.list,2021-03-01 05:43:57.701090
7boxencq60.mentalist.kameleoon.com,AVAILABILITY,domains.list,2021-03-01 05:44:06.277929
7c9ea.v.fwmrm.net,AVAILABILITY,domains.list,2021-03-01 05:44:08.856712
7cnzz.ymaqdv.bapb.gdn,AVAILABILITY,domains.list,2021-03-01 05:44:12.385819
7ji60sigg5.mentalist.kameleoon.com,AVAILABILITY,domains.list,2021-03-01 05:44:20.064892
7ljifo1v80.mentalist.kameleoon.com,AVAILABILITY,domains.list,2021-03-01 05:44:20.335678
7pdynr4fwl.mentalist.kameleoon.com,AVAILABILITY,domains.list,2021-03-01 05:44:21.491914
7p.news-subscribe.com,AVAILABILITY,domains.list,2021-03-01 05:44:21.668928
7tyzz.lyfd2xzauti9d8p.bapb.gdn,AVAILABILITY,domains.list,2021-03-01 05:44:22.055504
7y4c.01l.xyz,AVAILABILITY,domains.list,2021-03-01 05:44:22.871404
8dazz.ouasflpydty21tf.bapb.gdn,AVAILABILITY,domains.list,2021-03-01 05:44:25.247427
8elopz4t8t.mentalist.kameleoon.com,AVAILABILITY,domains.list,2021-03-01 05:44:26.411597
8fpqr1x6b9.mentalist.kameleoon.com,AVAILABILITY,domains.list,2021-03-01 05:44:28.051403
8g.news-subscribe.com,AVAILABILITY,domains.list,2021-03-01 05:44:28.301695
8j7wkj97db.mentalist.kameleoon.com,AVAILABILITY,domains.list,2021-03-01 05:44:28.613326
8iaxbnbk.accountant,AVAILABILITY,domains.list,2021-03-01 05:44:29.889527
8uhzz.6hqk9cjhg.bapb.gdn,AVAILABILITY,domains.list,2021-03-01 05:44:30.331384
8xvh5dzspx.mentalist.kameleoon.com,AVAILABILITY,domains.list,2021-03-01 05:44:30.597015
9cf9.v.fwmrm.net,AVAILABILITY,domains.list,2021-03-01 05:44:33.851368
9cf9c.v.fwmrm.net,AVAILABILITY,domains.list,2021-03-01 05:44:34.270044
9idzz.lyfd2xzauti9d8p.bapb.gdn,AVAILABILITY,domains.list,2021-03-01 05:44:36.544224
9j.facebook-info.co,AVAILABILITY,domains.list,2021-03-01 05:44:37.427018
9o.news-subscribe.com,AVAILABILITY,domains.list,2021-03-01 05:44:37.740153
11lmt6lnrr.mentalist.kameleoon.com,AVAILABILITY,domains.list,2021-03-01 05:44:42.863946
012.2o7.net,AVAILABILITY,domains.list,2021-03-01 05:44:44.420747
16dcc.v.fwmrm.net,AVAILABILITY,domains.list,2021-03-01 05:44:46.744566
22.news-subscribe.com,AVAILABILITY,domains.list,2021-03-01 05:44:50.407544
22f9d241.mpstat.us,AVAILABILITY,domains.list,2021-03-01 05:44:52.076658
22fa047d.mpstat.us,AVAILABILITY,domains.list,2021-03-01 05:44:52.304535
22f887c5.mpstat.us,AVAILABILITY,domains.list,2021-03-01 05:44:52.443596
22faeae5.mpstat.us,AVAILABILITY,domains.list,2021-03-01 05:44:53.746563
25.news-subscribe.com,AVAILABILITY,domains.list,2021-03-01 05:44:55.117246
28dzz.lyfd2xzauti9d8p.bapb.gdn,AVAILABILITY,domains.list,2021-03-01 05:44:56.531153
29.the31news.com,AVAILABILITY,domains.list,2021-03-01 05:44:57.977711
33across.t.domdex.com,AVAILABILITY,domains.list,2021-03-01 05:45:03.000608
22xsd.tk,AVAILABILITY,domains.list,2021-03-01 05:45:03.802346
36a3fe4a.mpstat.us,AVAILABILITY,domains.list,2021-03-01 05:45:06.164239
36a3fe4a.go-mpulse.net,AVAILABILITY,domains.list,2021-03-01 05:45:06.314380
36a3fec2.go-mpulse.net,AVAILABILITY,domains.list,2021-03-01 05:45:06.694558
36a3fec2.mpstat.us,AVAILABILITY,domains.list,2021-03-01 05:45:07.345851
36c3f470.mpstat.us,AVAILABILITY,domains.list,2021-03-01 05:45:08.078532
36c3f6db.mpstat.us,AVAILABILITY,domains.list,2021-03-01 05:45:08.306565
36c3f705.mpstat.us,AVAILABILITY,domains.list,2021-03-01 05:45:08.733642
36c3f725.mpstat.us,AVAILABILITY,domains.list,2021-03-01 05:45:08.758061
36c3feee.mpstat.us,AVAILABILITY,domains.list,2021-03-01 05:45:09.335807
36c3feec.mpstat.us,AVAILABILITY,domains.list,2021-03-01 05:45:09.418723
36c3fef2.mpstat.us,AVAILABILITY,domains.list,2021-03-01 05:45:10.063016
36cc2a1c.mpstat.us,AVAILABILITY,domains.list,2021-03-01 05:45:10.207341
36cc2a2a.mpstat.us,AVAILABILITY,domains.list,2021-03-01 05:45:10.635332
36c3ff8f.mpstat.us,AVAILABILITY,domains.list,2021-03-01 05:45:10.775945
36cc2a2e.mpstat.us,AVAILABILITY,domains.list,2021-03-01 05:45:11.103742
36cc246a.go-mpulse.net,AVAILABILITY,domains.list,2021-03-01 05:45:11.771641
36cc206a.mpstat.us,AVAILABILITY,domains.list,2021-03-01 05:45:12.082283
36cc246a.mpstat.us,AVAILABILITY,domains.list,2021-03-01 05:45:12.642210
36cc248a.mpstat.us,AVAILABILITY,domains.list,2021-03-01 05:45:13.285032
36cc248b.mpstat.us,AVAILABILITY,domains.list,2021-03-01 05:45:13.589069
36cc259d.mpstat.us,AVAILABILITY,domains.list,2021-03-01 05:45:13.629104
36cc2473.mpstat.us,AVAILABILITY,domains.list,2021-03-01 05:45:14.328984
36cc2473.go-mpulse.net,AVAILABILITY,domains.list,2021-03-01 05:45:14.853249
36d7107f.mpstat.us,AVAILABILITY,domains.list,2021-03-01 05:45:15.197019
36d71034.mpstat.us,AVAILABILITY,domains.list,2021-03-01 05:45:15.332947
36d71138.mpstat.us,AVAILABILITY,domains.list,2021-03-01 05:45:15.845579
36d71176.go-mpulse.net,AVAILABILITY,domains.list,2021-03-01 05:45:16.120291
36d71176.mpstat.us,AVAILABILITY,domains.list,2021-03-01 05:45:16.624611
36d71194.mpstat.us,AVAILABILITY,domains.list,2021-03-01 05:45:16.714004
36e4f0de.mpstat.us,AVAILABILITY,domains.list,2021-03-01 05:45:17.409471
36e4f0e6.mpstat.us,AVAILABILITY,domains.list,2021-03-01 05:45:17.910173
36e4f0e7.mpstat.us,AVAILABILITY,domains.list,2021-03-01 05:45:18.453826
36e4f0eb.mpstat.us,AVAILABILITY,domains.list,2021-03-01 05:45:19.090999
36e4f0e9.mpstat.us,AVAILABILITY,domains.list,2021-03-01 05:45:19.164636
36eb551e.mpstat.us,AVAILABILITY,domains.list,2021-03-01 05:45:19.480743
36eb5491.go-mpulse.net,AVAILABILITY,domains.list,2021-03-01 05:45:19.870951
36eb557d.mpstat.us,AVAILABILITY,domains.list,2021-03-01 05:45:20.136616
36eb5491.mpstat.us,AVAILABILITY,domains.list,2021-03-01 05:45:20.680032
36eb5590.mpstat.us,AVAILABILITY,domains.list,2021-03-01 05:45:21.088985
36eb5555.mpstat.us,AVAILABILITY,domains.list,2021-03-01 05:45:21.275606
36eb5594.mpstat.us,AVAILABILITY,domains.list,2021-03-01 05:45:21.429201
36ebc23e.mpstat.us,AVAILABILITY,domains.list,2021-03-01 05:45:21.969963
36ebc1fb.mpstat.us,AVAILABILITY,domains.list,2021-03-01 05:45:22.210891
36ebc202.go-mpulse.net,AVAILABILITY,domains.list,2021-03-01 05:45:22.565000
36ebc202.mpstat.us,AVAILABILITY,domains.list,2021-03-01 05:45:22.643020
36ebc233.mpstat.us,AVAILABILITY,domains.list,2021-03-01 05:45:23.179879
36ebc234.go-mpulse.net,AVAILABILITY,domains.list,2021-03-01 05:45:23.315430
36ebc234.mpstat.us,AVAILABILITY,domains.list,2021-03-01 05:45:23.928825
36f1f08e.go-mpulse.net,AVAILABILITY,domains.list,2021-03-01 05:45:24.206918
36f1f2cc.mpstat.us,AVAILABILITY,domains.list,2021-03-01 05:45:24.554189
36f1f08e.mpstat.us,AVAILABILITY,domains.list,2021-03-01 05:45:24.860121
36f1f23d.go-mpulse.net,AVAILABILITY,domains.list,2021-03-01 05:45:24.982557
36f1f33e.mpstat.us,AVAILABILITY,domains.list,2021-03-01 05:45:25.498936
36f1f23d.mpstat.us,AVAILABILITY,domains.list,2021-03-01 05:45:25.595404
36f1f340.mpstat.us,AVAILABILITY,domains.list,2021-03-01 05:45:26.512909
36f1f344.mpstat.us,AVAILABILITY,domains.list,2021-03-01 05:45:26.697549
36f1f369.mpstat.us,AVAILABILITY,domains.list,2021-03-01 05:45:26.847334
36f11e2c.go-mpulse.net,AVAILABILITY,domains.list,2021-03-01 05:45:27.352153
36f10ff3.mpstat.us,AVAILABILITY,domains.list,2021-03-01 05:45:27.791125
36f11e49.go-mpulse.net,AVAILABILITY,domains.list,2021-03-01 05:45:28.115001
36f11e2c.mpstat.us,AVAILABILITY,domains.list,2021-03-01 05:45:28.499620
36f11e95.go-mpulse.net,AVAILABILITY,domains.list,2021-03-01 05:45:28.818722
36f11e95.mpstat.us,AVAILABILITY,domains.list,2021-03-01 05:45:28.965867
36f11e49.mpstat.us,AVAILABILITY,domains.list,2021-03-01 05:45:29.050292
36f111f4.mpstat.us,AVAILABILITY,domains.list,2021-03-01 05:45:29.567232
36f111f7.mpstat.us,AVAILABILITY,domains.list,2021-03-01 05:45:29.687171
36f10709.mpstat.us,AVAILABILITY,domains.list,2021-03-01 05:45:30.400952
36f1082f.mpstat.us,AVAILABILITY,domains.list,2021-03-01 05:45:30.576508
36f10833.mpstat.us,AVAILABILITY,domains.list,2021-03-01 05:45:31.011933
36f11200.mpstat.us,AVAILABILITY,domains.list,2021-03-01 05:45:31.330257
36f10834.mpstat.us,AVAILABILITY,domains.list,2021-03-01 05:45:31.782829
36fb6d09.go-mpulse.net,AVAILABILITY,domains.list,2021-03-01 05:45:32.062952
36fb6d09.mpstat.us,AVAILABILITY,domains.list,2021-03-01 05:45:32.342190
36f11203.mpstat.us,AVAILABILITY,domains.list,2021-03-01 05:45:32.630013
36fb6d10.go-mpulse.net,AVAILABILITY,domains.list,2021-03-01 05:45:32.821995
36fb6d10.mpstat.us,AVAILABILITY,domains.list,2021-03-01 05:45:33.063509
36fb61a9.mpstat.us,AVAILABILITY,domains.list,2021-03-01 05:45:33.326413
36fb61b5.mpstat.us,AVAILABILITY,domains.list,2021-03-01 05:45:34.504097
36fb61b0.mpstat.us,AVAILABILITY,domains.list,2021-03-01 05:45:34.551402
36fb68c2.mpstat.us,AVAILABILITY,domains.list,2021-03-01 05:45:34.998940
36fb78d7.mpstat.us,AVAILABILITY,domains.list,2021-03-01 05:45:35.405710
36fb78d5.mpstat.us,AVAILABILITY,domains.list,2021-03-01 05:45:36.536618
36fb78dc.mpstat.us,AVAILABILITY,domains.list,2021-03-01 05:45:36.584351
36fb607e.mpstat.us,AVAILABILITY,domains.list,2021-03-01 05:45:36.809104
36fb619d.mpstat.us,AVAILABILITY,domains.list,2021-03-01 05:45:37.120851
36fb6319.mpstat.us,AVAILABILITY,domains.list,2021-03-01 05:45:37.457827
36fecd6d.mpstat.us,AVAILABILITY,domains.list,2021-03-01 05:45:38.025958
36fea28a.mpstat.us,AVAILABILITY,domains.list,2021-03-01 05:45:38.077846
36fecd36.mpstat.us,AVAILABILITY,domains.list,2021-03-01 05:45:38.606698
36fecd98.mpstat.us,AVAILABILITY,domains.list,2021-03-01 05:45:39.027240
42.demdex.net,AVAILABILITY,domains.list,2021-03-01 05:45:41.868122
44a1d7dxyp.mentalist.kameleoon.com,AVAILABILITY,domains.list,2021-03-01 05:45:42.469970
45.news-subscribe.com,AVAILABILITY,domains.list,2021-03-01 05:45:43.539819
49bc.rubiconproject.com,AVAILABILITY,domains.list,2021-03-01 05:45:46.181377
048-hld-130.mktoresp.com,AVAILABILITY,domains.list,2021-03-01 05:45:46.315638
61.news-subscribe.com,AVAILABILITY,domains.list,2021-03-01 05:46:01.161085
62.the31news.com,AVAILABILITY,domains.list,2021-03-01 05:46:03.252676
68.news-subscribe.com,AVAILABILITY,domains.list,2021-03-01 05:46:08.484268
73.news-subscribe.com,AVAILABILITY,domains.list,2021-03-01 05:46:10.959425
73au81v1yu.mentalist.kameleoon.com,AVAILABILITY,domains.list,2021-03-01 05:46:11.510352
75.news-subscribe.com,AVAILABILITY,domains.list,2021-03-01 05:46:14.275201
76.news-subscribe.com,AVAILABILITY,domains.list,2021-03-01 05:46:15.639416
77gqj0fih3.mentalist.kameleoon.com,AVAILABILITY,domains.list,2021-03-01 05:46:18.972329
79.news-subscribe.com,AVAILABILITY,domains.list,2021-03-01 05:46:19.912214
83d5.v.fwmrm.net,AVAILABILITY,domains.list,2021-03-01 05:46:26.119102
84hcszqguv.mentalist.kameleoon.com,AVAILABILITY,domains.list,2021-03-01 05:46:27.970827
96.news-subscribe.com,AVAILABILITY,domains.list,2021-03-01 05:46:33.578317
99shopez16.club,AVAILABILITY,domains.list,2021-03-01 05:46:37.064564
111.onthe.io,AVAILABILITY,domains.list,2021-03-01 05:46:42.725733
53ba35bdfd7dc70def9fe8cd6644caff.s.adsco.re,AVAILABILITY,domains.list,2021-03-01 05:46:43.479529
152media.adk2x.com,AVAILABILITY,domains.list,2021-03-01 05:46:58.141384
165a4.v.fwmrm.net,AVAILABILITY,domains.list,2021-03-01 05:47:01.661249
165a7.v.fwmrm.net,AVAILABILITY,domains.list,2021-03-01 05:47:01.709824
184-euo-350.mktoresp.com,AVAILABILITY,domains.list,2021-03-01 05:47:08.821408
192d6.v.fwmrm.net,AVAILABILITY,domains.list,2021-03-01 05:47:09.110381
234ac.v.fwmrm.net,AVAILABILITY,domains.list,2021-03-01 05:47:19.320283
301digitalmedia-auto.t.domdex.com,AVAILABILITY,domains.list,2021-03-01 05:47:30.648320
301digitalmedia-uncategorized.t.domdex.com,AVAILABILITY,domains.list,2021-03-01 05:47:31.503833
331x7q8yy8.mentalist.kameleoon.com,AVAILABILITY,domains.list,2021-03-01 05:47:38.188332
364bf5fa.mpstat.us,AVAILABILITY,domains.list,2021-03-01 05:47:47.615261
364bf5fe.go-mpulse.net,AVAILABILITY,domains.list,2021-03-01 05:47:48.257491
364bf5fe.mpstat.us,AVAILABILITY,domains.list,2021-03-01 05:47:48.317271
364bf6be.mpstat.us,AVAILABILITY,domains.list,2021-03-01 05:47:49.134531
364bf6cc.mpstat.us,AVAILABILITY,domains.list,2021-03-01 05:47:49.393356
364bf52c.go-mpulse.net,AVAILABILITY,domains.list,2021-03-01 05:47:49.421068
364bf52c.mpstat.us,AVAILABILITY,domains.list,2021-03-01 05:47:50.010377
364bf52d.go-mpulse.net,AVAILABILITY,domains.list,2021-03-01 05:47:50.016062
364bf52e.go-mpulse.net,AVAILABILITY,domains.list,2021-03-01 05:47:50.363604
364bf52d.mpstat.us,AVAILABILITY,domains.list,2021-03-01 05:47:50.970514
364bf52e.mpstat.us,AVAILABILITY,domains.list,2021-03-01 05:47:51.568052
364bf73e.mpstat.us,AVAILABILITY,domains.list,2021-03-01 05:47:51.694780
385-xnb-580.mktoresp.com,AVAILABILITY,domains.list,2021-03-01 05:47:56.026859
543a59efcb54e.adzmedia.com,AVAILABILITY,domains.list,2021-03-01 05:48:25.710603
543a59efcb515.adzmedia.com,AVAILABILITY,domains.list,2021-03-01 05:48:26.010973
543b67c4a7d46.adzmedia.com,AVAILABILITY,domains.list,2021-03-01 05:48:26.134695
543ff4fa47ede.adzmedia.com,AVAILABILITY,domains.list,2021-03-01 05:48:26.239911
543ff4fa47f19.adzmedia.com,AVAILABILITY,domains.list,2021-03-01 05:48:26.509410
5-6-6-ios.error.ingest.crittercism.com,AVAILABILITY,domains.list,2021-03-01 05:48:31.599119
5-6-6-ios.network.ingest.crittercism.com,AVAILABILITY,domains.list,2021-03-01 05:48:32.985743
5-6-8-ios.error.ingest.crittercism.com,AVAILABILITY,domains.list,2021-03-01 05:48:34.954681
5-6-8-ios.userflows.ingest.crittercism.com,AVAILABILITY,domains.list,2021-03-01 05:48:35.132436
5-6-8-ios.network.ingest.crittercism.com,AVAILABILITY,domains.list,2021-03-01 05:48:35.418712
5-7-2-ios.error.ingest.crittercism.com,AVAILABILITY,domains.list,2021-03-01 05:48:38.025034
5-7-2-ios.userflows.ingest.crittercism.com,AVAILABILITY,domains.list,2021-03-01 05:48:39.092548
5-7-3-ios.userflows.ingest.crittercism.com,AVAILABILITY,domains.list,2021-03-01 05:48:40.411475
575a1bd43cde61524bc016dc007e0f168b7672a8.juicyads.com,AVAILABILITY,domains.list,2021-03-01 05:48:40.854177
5-9-1-android.network.ingest.crittercism.com,AVAILABILITY,domains.list,2021-03-01 05:48:46.438987
5-9-1-android.userflows.ingest.crittercism.com,AVAILABILITY,domains.list,2021-03-01 05:48:47.118136
602da.v.fwmrm.net,AVAILABILITY,domains.list,2021-03-01 05:48:51.788734
606ca.v.fwmrm.net,AVAILABILITY,domains.list,2021-03-01 05:48:53.232709
736p3eoxzr.mentalist.kameleoon.com,AVAILABILITY,domains.list,2021-03-01 05:49:22.432589
881.engine.mobileapptracking.com,AVAILABILITY,domains.list,2021-03-01 05:49:49.383079
883.engine.mobileapptracking.com,AVAILABILITY,domains.list,2021-03-01 05:49:50.587459
885.engine.mobileapptracking.com,AVAILABILITY,domains.list,2021-03-01 05:49:50.673280
943.engine.mobileapptracking.com,AVAILABILITY,domains.list,2021-03-01 05:50:03.292631
1061.engine.mobileapptracking.com,AVAILABILITY,domains.list,2021-03-01 05:50:15.649713
1075.engine.mobileapptracking.com,AVAILABILITY,domains.list,2021-03-01 05:50:16.636137
1375.engine.mobileapptracking.com,AVAILABILITY,domains.list,2021-03-01 05:50:18.045767
1462b.v.fwmrm.net,AVAILABILITY,domains.list,2021-03-01 05:50:18.865774
1546a.v.fwmrm.net,AVAILABILITY,domains.list,2021-03-01 05:50:19.769151
1671.engine.mobileapptracking.com,AVAILABILITY,domains.list,2021-03-01 05:50:20.580309
1666.engine.mobileapptracking.com,AVAILABILITY,domains.list,2021-03-01 05:50:20.591555
1546a.s.fwmrm.net,AVAILABILITY,domains.list,2021-03-01 05:50:20.946066
1693.engine.mobileapptracking.com,AVAILABILITY,domains.list,2021-03-01 05:50:21.338074
1735.engine.mobileapptracking.com,AVAILABILITY,domains.list,2021-03-01 05:50:22.023175
1800petmeds.adlegend.com,AVAILABILITY,domains.list,2021-03-01 05:50:22.707286
1803.engine.mobileapptracking.com,AVAILABILITY,domains.list,2021-03-01 05:50:23.345062
1835.engine.mobileapptracking.com,AVAILABILITY,domains.list,2021-03-01 05:50:23.518271
2191.engine.mobileapptracking.com,AVAILABILITY,domains.list,2021-03-01 05:50:25.775534
2412.engine.mobileapptracking.com,AVAILABILITY,domains.list,2021-03-01 05:50:27.730924
2901.btrll.com,AVAILABILITY,domains.list,2021-03-01 05:50:39.608551
2912a.v.fwmrm.net,AVAILABILITY,domains.list,2021-03-01 05:50:39.935314
2915a.v.fwmrm.net,AVAILABILITY,domains.list,2021-03-01 05:50:40.647537
2915c.v.fwmrm.net,AVAILABILITY,domains.list,2021-03-01 05:50:41.471366
2915cc.v.fwmrm.net,AVAILABILITY,domains.list,2021-03-01 05:50:41.696285
2915d.v.fwmrm.net,AVAILABILITY,domains.list,2021-03-01 05:50:42.622073
2915dc.v.fwmrm.net,AVAILABILITY,domains.list,2021-03-01 05:50:43.672907
2960.btrll.com,AVAILABILITY,domains.list,2021-03-01 05:50:45.044552
2968.engine.mobileapptracking.com,AVAILABILITY,domains.list,2021-03-01 05:50:45.725462
3052.engine.mobileapptracking.com,AVAILABILITY,domains.list,2021-03-01 05:50:47.103162
3074.engine.mobileapptracking.com,AVAILABILITY,domains.list,2021-03-01 05:50:47.470051
3211c0e1.go-mpulse.net,AVAILABILITY,domains.list,2021-03-01 05:50:49.393198
3211c0e1.mpstat.us,AVAILABILITY,domains.list,2021-03-01 05:50:49.945857
3306.engine.mobileapptracking.com,AVAILABILITY,domains.list,2021-03-01 05:50:51.866267
3408f623.go-mpulse.net,AVAILABILITY,domains.list,2021-03-01 05:50:53.557417
3408f623.mpstat.us,AVAILABILITY,domains.list,2021-03-01 05:50:53.845649
3409b6b0.go-mpulse.net,AVAILABILITY,domains.list,2021-03-01 05:50:54.227680
3409b6b0.mpstat.us,AVAILABILITY,domains.list,2021-03-01 05:50:54.788403
3409bcb2.go-mpulse.net,AVAILABILITY,domains.list,2021-03-01 05:50:54.960790
3409ba97.mpstat.us,AVAILABILITY,domains.list,2021-03-01 05:50:55.291502
3416.engine.mobileapptracking.com,AVAILABILITY,domains.list,2021-03-01 05:50:55.805601
3409bcb2.mpstat.us,AVAILABILITY,domains.list,2021-03-01 05:50:56.260444
3444.engine.mobileapptracking.com,AVAILABILITY,domains.list,2021-03-01 05:50:56.624381
3502.engine.mobileapptracking.com,AVAILABILITY,domains.list,2021-03-01 05:50:57.061995
3496.engine.mobileapptracking.com,AVAILABILITY,domains.list,2021-03-01 05:50:57.534063
3656.engine.mobileapptracking.com,AVAILABILITY,domains.list,2021-03-01 05:51:00.064164
3872.engine.mobileapptracking.com,AVAILABILITY,domains.list,2021-03-01 05:51:02.391044
3936.engine.mobileapptracking.com,AVAILABILITY,domains.list,2021-03-01 05:51:03.198404
3964.engine.mobileapptracking.com,AVAILABILITY,domains.list,2021-03-01 05:51:03.570794
4092.engine.mobileapptracking.com,AVAILABILITY,domains.list,2021-03-01 05:51:03.952428
4054.engine.mobileapptracking.com,AVAILABILITY,domains.list,2021-03-01 05:51:04.319694
4268.engine.mobileapptracking.com,AVAILABILITY,domains.list,2021-03-01 05:51:04.862492
4586.engine.mobileapptracking.com,AVAILABILITY,domains.list,2021-03-01 05:51:05.728693
4990.engine.mobileapptracking.com,AVAILABILITY,domains.list,2021-03-01 05:51:05.952969
5020.engine.mobileapptracking.com,AVAILABILITY,domains.list,2021-03-01 05:51:06.051981
5094.engine.mobileapptracking.com,AVAILABILITY,domains.list,2021-03-01 05:51:06.510244
5406.engine.mobileapptracking.com,AVAILABILITY,domains.list,2021-03-01 05:51:07.347372
5470.engine.mobileapptracking.com,AVAILABILITY,domains.list,2021-03-01 05:51:07.604391
5490.engine.mobileapptracking.com,AVAILABILITY,domains.list,2021-03-01 05:51:08.004921
5542.engine.mobileapptracking.com,AVAILABILITY,domains.list,2021-03-01 05:51:08.290870
5582.engine.mobileapptracking.com,AVAILABILITY,domains.list,2021-03-01 05:51:08.505082
5650.engine.mobileapptracking.com,AVAILABILITY,domains.list,2021-03-01 05:51:08.620512
5822.engine.mobileapptracking.com,AVAILABILITY,domains.list,2021-03-01 05:51:09.830865
5740.engine.mobileapptracking.com,AVAILABILITY,domains.list,2021-03-01 05:51:09.930810
6000.engine.mobileapptracking.com,AVAILABILITY,domains.list,2021-03-01 05:51:10.410369
5990.engine.mobileapptracking.com,AVAILABILITY,domains.list,2021-03-01 05:51:10.528897
6014.engine.mobileapptracking.com,AVAILABILITY,domains.list,2021-03-01 05:51:11.261511
6152.engine.mobileapptracking.com,AVAILABILITY,domains.list,2021-03-01 05:51:13.010456
6284.engine.mobileapptracking.com,AVAILABILITY,domains.list,2021-03-01 05:51:14.315594
6566.engine.mobileapptracking.com,AVAILABILITY,domains.list,2021-03-01 05:51:15.762557
6612.engine.mobileapptracking.com,AVAILABILITY,domains.list,2021-03-01 05:51:15.912995
6656.engine.mobileapptracking.com,AVAILABILITY,domains.list,2021-03-01 05:51:16.400921
6672.engine.mobileapptracking.com,AVAILABILITY,domains.list,2021-03-01 05:51:16.698817
6796.engine.mobileapptracking.com,AVAILABILITY,domains.list,2021-03-01 05:51:16.864083
6892.engine.mobileapptracking.com,AVAILABILITY,domains.list,2021-03-01 05:51:17.425974
6918.engine.mobileapptracking.com,AVAILABILITY,domains.list,2021-03-01 05:51:18.203677
7070.engine.mobileapptracking.com,AVAILABILITY,domains.list,2021-03-01 05:51:18.656842
7132.engine.mobileapptracking.com,AVAILABILITY,domains.list,2021-03-01 05:51:19.734760
7154.engine.mobileapptracking.com,AVAILABILITY,domains.list,2021-03-01 05:51:20.350265
7306.engine.mobileapptracking.com,AVAILABILITY,domains.list,2021-03-01 05:51:21.439904
7334.engine.mobileapptracking.com,AVAILABILITY,domains.list,2021-03-01 05:51:21.495326
7392.engine.mobileapptracking.com,AVAILABILITY,domains.list,2021-03-01 05:51:22.683346
7730.engine.mobileapptracking.com,AVAILABILITY,domains.list,2021-03-01 05:51:23.008160
7532.engine.mobileapptracking.com,AVAILABILITY,domains.list,2021-03-01 05:51:23.377839
7906.engine.mobileapptracking.com,AVAILABILITY,domains.list,2021-03-01 05:51:24.490005
7940.engine.mobileapptracking.com,AVAILABILITY,domains.list,2021-03-01 05:51:24.623273
8104.engine.mobileapptracking.com,AVAILABILITY,domains.list,2021-03-01 05:51:25.477947
8200.engine.mobileapptracking.com,AVAILABILITY,domains.list,2021-03-01 05:51:26.656376
8214.engine.mobileapptracking.com,AVAILABILITY,domains.list,2021-03-01 05:51:26.968636
8296.engine.mobileapptracking.com,AVAILABILITY,domains.list,2021-03-01 05:51:27.579217
8342.engine.mobileapptracking.com,AVAILABILITY,domains.list,2021-03-01 05:51:27.939654
8464.engine.mobileapptracking.com,AVAILABILITY,domains.list,2021-03-01 05:51:28.727249
8524.engine.mobileapptracking.com,AVAILABILITY,domains.list,2021-03-01 05:51:29.260421
8562.engine.mobileapptracking.com,AVAILABILITY,domains.list,2021-03-01 05:51:29.576025
8604.engine.mobileapptracking.com,AVAILABILITY,domains.list,2021-03-01 05:51:29.657207
8622.engine.mobileapptracking.com,AVAILABILITY,domains.list,2021-03-01 05:51:29.880003
8630.engine.mobileapptracking.com,AVAILABILITY,domains.list,2021-03-01 05:51:30.621368
8706.engine.mobileapptracking.com,AVAILABILITY,domains.list,2021-03-01 05:51:30.622509
8684.engine.mobileapptracking.com,AVAILABILITY,domains.list,2021-03-01 05:51:30.674583
8904.engine.mobileapptracking.com,AVAILABILITY,domains.list,2021-03-01 05:51:31.339466
9004.engine.mobileapptracking.com,AVAILABILITY,domains.list,2021-03-01 05:51:32.038982
9056.engine.mobileapptracking.com,AVAILABILITY,domains.list,2021-03-01 05:51:32.314476
9050.engine.mobileapptracking.com,AVAILABILITY,domains.list,2021-03-01 05:51:32.352838
9174.engine.mobileapptracking.com,AVAILABILITY,domains.list,2021-03-01 05:51:32.870976
9210.engine.mobileapptracking.com,AVAILABILITY,domains.list,2021-03-01 05:51:33.067533
9192.engine.mobileapptracking.com,AVAILABILITY,domains.list,2021-03-01 05:51:33.227887
9290.engine.mobileapptracking.com,AVAILABILITY,domains.list,2021-03-01 05:51:33.748793
9316.engine.mobileapptracking.com,AVAILABILITY,domains.list,2021-03-01 05:51:33.805968
9350.engine.mobileapptracking.com,AVAILABILITY,domains.list,2021-03-01 05:51:34.359046
9408.engine.mobileapptracking.com,AVAILABILITY,domains.list,2021-03-01 05:51:34.363630
9372.engine.mobileapptracking.com,AVAILABILITY,domains.list,2021-03-01 05:51:34.463619
9510.engine.mobileapptracking.com,AVAILABILITY,domains.list,2021-03-01 05:51:34.934985
9554.engine.mobileapptracking.com,AVAILABILITY,domains.list,2021-03-01 05:51:34.956384
9812.engine.mobileapptracking.com,AVAILABILITY,domains.list,2021-03-01 05:51:35.657564
9986.engine.mobileapptracking.com,AVAILABILITY,domains.list,2021-03-01 05:51:36.818567
10034.engine.mobileapptracking.com,AVAILABILITY,domains.list,2021-03-01 05:51:37.030145
10112.engine.mobileapptracking.com,AVAILABILITY,domains.list,2021-03-01 05:51:37.317543
10284.engine.mobileapptracking.com,AVAILABILITY,domains.list,2021-03-01 05:51:37.559418
10306.engine.mobileapptracking.com,AVAILABILITY,domains.list,2021-03-01 05:51:37.795555
10468.engine.mobileapptracking.com,AVAILABILITY,domains.list,2021-03-01 05:51:38.148903
10310.engine.mobileapptracking.com,AVAILABILITY,domains.list,2021-03-01 05:51:38.166465
10680.engine.mobileapptracking.com,AVAILABILITY,domains.list,2021-03-01 05:51:38.877635
10624.engine.mobileapptracking.com,AVAILABILITY,domains.list,2021-03-01 05:51:39.203913
10684.engine.mobileapptracking.com,AVAILABILITY,domains.list,2021-03-01 05:51:39.424593
10706.engine.mobileapptracking.com,AVAILABILITY,domains.list,2021-03-01 05:51:39.441898
10712.engine.mobileapptracking.com,AVAILABILITY,domains.list,2021-03-01 05:51:40.061117
10776.engine.mobileapptracking.com,AVAILABILITY,domains.list,2021-03-01 05:51:40.430098
10744.engine.mobileapptracking.com,AVAILABILITY,domains.list,2021-03-01 05:51:40.467019
10764.engine.mobileapptracking.com,AVAILABILITY,domains.list,2021-03-01 05:51:40.897905
10806.engine.mobileapptracking.com,AVAILABILITY,domains.list,2021-03-01 05:51:41.079458
10930.engine.mobileapptracking.com,AVAILABILITY,domains.list,2021-03-01 05:51:41.246909
11030.engine.mobileapptracking.com,AVAILABILITY,domains.list,2021-03-01 05:51:41.379305
10944.engine.mobileapptracking.com,AVAILABILITY,domains.list,2021-03-01 05:51:41.399157
11126.engine.mobileapptracking.com,AVAILABILITY,domains.list,2021-03-01 05:51:42.052381
11184.engine.mobileapptracking.com,AVAILABILITY,domains.list,2021-03-01 05:51:42.124085
11262.engine.mobileapptracking.com,AVAILABILITY,domains.list,2021-03-01 05:51:42.566195
11430.engine.mobileapptracking.com,AVAILABILITY,domains.list,2021-03-01 05:51:42.923557
11562.engine.mobileapptracking.com,AVAILABILITY,domains.list,2021-03-01 05:51:42.955525
11704.engine.mobileapptracking.com,AVAILABILITY,domains.list,2021-03-01 05:51:43.362134
11576.engine.mobileapptracking.com,AVAILABILITY,domains.list,2021-03-01 05:51:43.666804
11720.engine.mobileapptracking.com,AVAILABILITY,domains.list,2021-03-01 05:51:43.810763
11722.engine.mobileapptracking.com,AVAILABILITY,domains.list,2021-03-01 05:51:44.385583
11732.engine.mobileapptracking.com,AVAILABILITY,domains.list,2021-03-01 05:51:44.564886
11872.engine.mobileapptracking.com,AVAILABILITY,domains.list,2021-03-01 05:51:45.046578
11916.engine.mobileapptracking.com,AVAILABILITY,domains.list,2021-03-01 05:51:45.793847
12126.engine.mobileapptracking.com,AVAILABILITY,domains.list,2021-03-01 05:51:46.156607
12240.engine.mobileapptracking.com,AVAILABILITY,domains.list,2021-03-01 05:51:47.045576
12276.engine.mobileapptracking.com,AVAILABILITY,domains.list,2021-03-01 05:51:47.437940
12486.engine.mobileapptracking.com,AVAILABILITY,domains.list,2021-03-01 05:51:48.136503
12650.engine.mobileapptracking.com,AVAILABILITY,domains.list,2021-03-01 05:51:48.346963
12790.engine.mobileapptracking.com,AVAILABILITY,domains.list,2021-03-01 05:51:48.687439
12846.engine.mobileapptracking.com,AVAILABILITY,domains.list,2021-03-01 05:51:48.867105
13020.engine.mobileapptracking.com,AVAILABILITY,domains.list,2021-03-01 05:51:49.509798
13194.engine.mobileapptracking.com,AVAILABILITY,domains.list,2021-03-01 05:51:49.999703
13170.engine.mobileapptracking.com,AVAILABILITY,domains.list,2021-03-01 05:51:50.344554
13270.engine.mobileapptracking.com,AVAILABILITY,domains.list,2021-03-01 05:51:50.520134
13340.engine.mobileapptracking.com,AVAILABILITY,domains.list,2021-03-01 05:51:50.939124
13434.engine.mobileapptracking.com,AVAILABILITY,domains.list,2021-03-01 05:51:51.277990
13306.engine.mobileapptracking.com,AVAILABILITY,domains.list,2021-03-01 05:51:51.372034
13464.engine.mobileapptracking.com,AVAILABILITY,domains.list,2021-03-01 05:51:51.749373
13570.engine.mobileapptracking.com,AVAILABILITY,domains.list,2021-03-01 05:51:51.809364
13700.engine.mobileapptracking.com,AVAILABILITY,domains.list,2021-03-01 05:51:52.263479
13784.engine.mobileapptracking.com,AVAILABILITY,domains.list,2021-03-01 05:51:52.478984
13874.engine.mobileapptracking.com,AVAILABILITY,domains.list,2021-03-01 05:51:52.576470
13770.engine.mobileapptracking.com,AVAILABILITY,domains.list,2021-03-01 05:51:52.790656
14056.engine.mobileapptracking.com,AVAILABILITY,domains.list,2021-03-01 05:51:53.327422
14062.engine.mobileapptracking.com,AVAILABILITY,domains.list,2021-03-01 05:51:53.457196
14082.engine.mobileapptracking.com,AVAILABILITY,domains.list,2021-03-01 05:51:53.639032
14212.engine.mobileapptracking.com,AVAILABILITY,domains.list,2021-03-01 05:51:53.807066
14360.engine.mobileapptracking.com,AVAILABILITY,domains.list,2021-03-01 05:51:54.007543
14460.engine.mobileapptracking.com,AVAILABILITY,domains.list,2021-03-01 05:51:54.160501
14640.engine.mobileapptracking.com,AVAILABILITY,domains.list,2021-03-01 05:51:55.584978
14642.engine.mobileapptracking.com,AVAILABILITY,domains.list,2021-03-01 05:51:55.642711
14830.engine.mobileapptracking.com,AVAILABILITY,domains.list,2021-03-01 05:51:55.999828
14716.engine.mobileapptracking.com,AVAILABILITY,domains.list,2021-03-01 05:51:56.033510
15266.engine.mobileapptracking.com,AVAILABILITY,domains.list,2021-03-01 05:51:56.513393
15296.engine.mobileapptracking.com,AVAILABILITY,domains.list,2021-03-01 05:51:56.560197
15390.engine.mobileapptracking.com,AVAILABILITY,domains.list,2021-03-01 05:51:56.857031
15292.engine.mobileapptracking.com,AVAILABILITY,domains.list,2021-03-01 05:51:57.035953
15416.engine.mobileapptracking.com,AVAILABILITY,domains.list,2021-03-01 05:51:57.089160
15424.engine.mobileapptracking.com,AVAILABILITY,domains.list,2021-03-01 05:51:57.371653
15476.engine.mobileapptracking.com,AVAILABILITY,domains.list,2021-03-01 05:51:57.511507
15520.engine.mobileapptracking.com,AVAILABILITY,domains.list,2021-03-01 05:51:58.441624
15836.engine.mobileapptracking.com,AVAILABILITY,domains.list,2021-03-01 05:51:58.531904
15634.engine.mobileapptracking.com,AVAILABILITY,domains.list,2021-03-01 05:51:58.584748
16052.engine.mobileapptracking.com,AVAILABILITY,domains.list,2021-03-01 05:51:58.919049
16130.engine.mobileapptracking.com,AVAILABILITY,domains.list,2021-03-01 05:51:58.940932
16400.engine.mobileapptracking.com,AVAILABILITY,domains.list,2021-03-01 05:51:59.266276
16136.engine.mobileapptracking.com,AVAILABILITY,domains.list,2021-03-01 05:51:59.314745
16294.engine.mobileapptracking.com,AVAILABILITY,domains.list,2021-03-01 05:51:59.399907
16450.engine.mobileapptracking.com,AVAILABILITY,domains.list,2021-03-01 05:51:59.971920
16502.engine.mobileapptracking.com,AVAILABILITY,domains.list,2021-03-01 05:51:59.973330
16522.engine.mobileapptracking.com,AVAILABILITY,domains.list,2021-03-01 05:52:00.111985
16772.engine.mobileapptracking.com,AVAILABILITY,domains.list,2021-03-01 05:52:00.704939
16704.engine.mobileapptracking.com,AVAILABILITY,domains.list,2021-03-01 05:52:00.722227
16562.engine.mobileapptracking.com,AVAILABILITY,domains.list,2021-03-01 05:52:00.882035
16852.engine.mobileapptracking.com,AVAILABILITY,domains.list,2021-03-01 05:52:01.093277
16932.engine.mobileapptracking.com,AVAILABILITY,domains.list,2021-03-01 05:52:01.267088
16850.engine.mobileapptracking.com,AVAILABILITY,domains.list,2021-03-01 05:52:01.603353
17014.engine.mobileapptracking.com,AVAILABILITY,domains.list,2021-03-01 05:52:01.819064
16986.engine.mobileapptracking.com,AVAILABILITY,domains.list,2021-03-01 05:52:01.983261
17058.engine.mobileapptracking.com,AVAILABILITY,domains.list,2021-03-01 05:52:02.000630
17072.engine.mobileapptracking.com,AVAILABILITY,domains.list,2021-03-01 05:52:02.118584
17206.engine.mobileapptracking.com,AVAILABILITY,domains.list,2021-03-01 05:52:02.473674
17340.engine.mobileapptracking.com,AVAILABILITY,domains.list,2021-03-01 05:52:02.507537
17450.engine.mobileapptracking.com,AVAILABILITY,domains.list,2021-03-01 05:52:03.198305
17764.engine.mobileapptracking.com,AVAILABILITY,domains.list,2021-03-01 05:52:03.931456
17894.engine.mobileapptracking.com,AVAILABILITY,domains.list,2021-03-01 05:52:03.968037
17560.engine.mobileapptracking.com,AVAILABILITY,domains.list,2021-03-01 05:52:03.978427
18314.engine.mobileapptracking.com,AVAILABILITY,domains.list,2021-03-01 05:52:04.831035
18082.engine.mobileapptracking.com,AVAILABILITY,domains.list,2021-03-01 05:52:04.868351
17954.engine.mobileapptracking.com,AVAILABILITY,domains.list,2021-03-01 05:52:04.957131
18332.engine.mobileapptracking.com,AVAILABILITY,domains.list,2021-03-01 05:52:05.287156
18324.engine.mobileapptracking.com,AVAILABILITY,domains.list,2021-03-01 05:52:05.347640
18326.engine.mobileapptracking.com,AVAILABILITY,domains.list,2021-03-01 05:52:05.560189
18372.engine.mobileapptracking.com,AVAILABILITY,domains.list,2021-03-01 05:52:05.842825
18532.engine.mobileapptracking.com,AVAILABILITY,domains.list,2021-03-01 05:52:06.109766
18422.engine.mobileapptracking.com,AVAILABILITY,domains.list,2021-03-01 05:52:06.229027
18604.engine.mobileapptracking.com,AVAILABILITY,domains.list,2021-03-01 05:52:06.546597
18636.engine.mobileapptracking.com,AVAILABILITY,domains.list,2021-03-01 05:52:06.551549
18714.engine.mobileapptracking.com,AVAILABILITY,domains.list,2021-03-01 05:52:06.722685
18806.engine.mobileapptracking.com,AVAILABILITY,domains.list,2021-03-01 05:52:07.124956
18716.engine.mobileapptracking.com,AVAILABILITY,domains.list,2021-03-01 05:52:07.259729
18802.engine.mobileapptracking.com,AVAILABILITY,domains.list,2021-03-01 05:52:07.419149
19022.engine.mobileapptracking.com,AVAILABILITY,domains.list,2021-03-01 05:52:07.710432
19024.engine.mobileapptracking.com,AVAILABILITY,domains.list,2021-03-01 05:52:07.997110
19394.engine.mobileapptracking.com,AVAILABILITY,domains.list,2021-03-01 05:52:08.337576
19242.engine.mobileapptracking.com,AVAILABILITY,domains.list,2021-03-01 05:52:08.394531
19524.engine.mobileapptracking.com,AVAILABILITY,domains.list,2021-03-01 05:52:08.751005
19686.engine.mobileapptracking.com,AVAILABILITY,domains.list,2021-03-01 05:52:08.753164
19834.engine.mobileapptracking.com,AVAILABILITY,domains.list,2021-03-01 05:52:09.047520
19712.engine.mobileapptracking.com,AVAILABILITY,domains.list,2021-03-01 05:52:09.314906
19902.engine.mobileapptracking.com,AVAILABILITY,domains.list,2021-03-01 05:52:09.567362
19974.engine.mobileapptracking.com,AVAILABILITY,domains.list,2021-03-01 05:52:10.013428
20030.engine.mobileapptracking.com,AVAILABILITY,domains.list,2021-03-01 05:52:10.054596
20076.engine.mobileapptracking.com,AVAILABILITY,domains.list,2021-03-01 05:52:10.349441
20166.engine.mobileapptracking.com,AVAILABILITY,domains.list,2021-03-01 05:52:10.387217
20122.engine.mobileapptracking.com,AVAILABILITY,domains.list,2021-03-01 05:52:10.863214
20272.engine.mobileapptracking.com,AVAILABILITY,domains.list,2021-03-01 05:52:11.157533
20186.engine.mobileapptracking.com,AVAILABILITY,domains.list,2021-03-01 05:52:11.169285
20294.engine.mobileapptracking.com,AVAILABILITY,domains.list,2021-03-01 05:52:11.564894
20300.engine.mobileapptracking.com,AVAILABILITY,domains.list,2021-03-01 05:52:11.678240
20298.engine.mobileapptracking.com,AVAILABILITY,domains.list,2021-03-01 05:52:11.807827
20336.engine.mobileapptracking.com,AVAILABILITY,domains.list,2021-03-01 05:52:12.242213
20504.engine.mobileapptracking.com,AVAILABILITY,domains.list,2021-03-01 05:52:12.290784
20440.engine.mobileapptracking.com,AVAILABILITY,domains.list,2021-03-01 05:52:12.337448
20680.engine.mobileapptracking.com,AVAILABILITY,domains.list,2021-03-01 05:52:12.770838
20716.engine.mobileapptracking.com,AVAILABILITY,domains.list,2021-03-01 05:52:13.173610
20740.engine.mobileapptracking.com,AVAILABILITY,domains.list,2021-03-01 05:52:13.181440
20724.engine.mobileapptracking.com,AVAILABILITY,domains.list,2021-03-01 05:52:13.395802
20882.engine.mobileapptracking.com,AVAILABILITY,domains.list,2021-03-01 05:52:13.728753
20964.engine.mobileapptracking.com,AVAILABILITY,domains.list,2021-03-01 05:52:13.755905
21010.engine.mobileapptracking.com,AVAILABILITY,domains.list,2021-03-01 05:52:14.154445
21150.engine.mobileapptracking.com,AVAILABILITY,domains.list,2021-03-01 05:52:14.329912
21386.engine.mobileapptracking.com,AVAILABILITY,domains.list,2021-03-01 05:52:14.822142
21414.engine.mobileapptracking.com,AVAILABILITY,domains.list,2021-03-01 05:52:15.223373
21520.engine.mobileapptracking.com,AVAILABILITY,domains.list,2021-03-01 05:52:15.244046
21540.engine.mobileapptracking.com,AVAILABILITY,domains.list,2021-03-01 05:52:15.721891
21670.engine.mobileapptracking.com,AVAILABILITY,domains.list,2021-03-01 05:52:15.731439
21732.engine.mobileapptracking.com,AVAILABILITY,domains.list,2021-03-01 05:52:15.890320
22084.t.domdex.com,AVAILABILITY,domains.list,2021-03-01 05:52:17.399909
22156.engine.mobileapptracking.com,AVAILABILITY,domains.list,2021-03-01 05:52:17.707405
22200.engine.mobileapptracking.com,AVAILABILITY,domains.list,2021-03-01 05:52:17.957471
22088.t.domdex.com,AVAILABILITY,domains.list,2021-03-01 05:52:18.234698
22254.engine.mobileapptracking.com,AVAILABILITY,domains.list,2021-03-01 05:52:18.313925
22374.engine.mobileapptracking.com,AVAILABILITY,domains.list,2021-03-01 05:52:18.487473
22392.engine.mobileapptracking.com,AVAILABILITY,domains.list,2021-03-01 05:52:18.729833
22704.engine.mobileapptracking.com,AVAILABILITY,domains.list,2021-03-01 05:52:19.144429
22628.engine.mobileapptracking.com,AVAILABILITY,domains.list,2021-03-01 05:52:19.202505
22906.engine.mobileapptracking.com,AVAILABILITY,domains.list,2021-03-01 05:52:19.586173
23194.engine.mobileapptracking.com,AVAILABILITY,domains.list,2021-03-01 05:52:19.801696
23072.engine.mobileapptracking.com,AVAILABILITY,domains.list,2021-03-01 05:52:19.873617
23332.engine.mobileapptracking.com,AVAILABILITY,domains.list,2021-03-01 05:52:20.107102
23346.engine.mobileapptracking.com,AVAILABILITY,domains.list,2021-03-01 05:52:20.146177
23362.engine.mobileapptracking.com,AVAILABILITY,domains.list,2021-03-01 05:52:20.595798
23446.engine.mobileapptracking.com,AVAILABILITY,domains.list,2021-03-01 05:52:20.917784
23692.engine.mobileapptracking.com,AVAILABILITY,domains.list,2021-03-01 05:52:21.331252
23616.engine.mobileapptracking.com,AVAILABILITY,domains.list,2021-03-01 05:52:21.633373
23754.engine.mobileapptracking.com,AVAILABILITY,domains.list,2021-03-01 05:52:22.137603
23844.engine.mobileapptracking.com,AVAILABILITY,domains.list,2021-03-01 05:52:22.291127
23744.engine.mobileapptracking.com,AVAILABILITY,domains.list,2021-03-01 05:52:22.319617
23874.engine.mobileapptracking.com,AVAILABILITY,domains.list,2021-03-01 05:52:22.811030
23984.engine.mobileapptracking.com,AVAILABILITY,domains.list,2021-03-01 05:52:23.320499
23892.t.domdex.com,AVAILABILITY,domains.list,2021-03-01 05:52:23.680517
29161c.v.fwmrm.net,AVAILABILITY,domains.list,2021-03-01 05:52:25.142708
29129.v.fwmrm.net,AVAILABILITY,domains.list,2021-03-01 05:52:25.544091
29484.t.domdex.com,AVAILABILITY,domains.list,2021-03-01 05:52:26.325070
34089f75.mpstat.us,AVAILABILITY,domains.list,2021-03-01 05:52:27.121103
41632.engine.mobileapptracking.com,AVAILABILITY,domains.list,2021-03-01 05:52:27.589875
42444.engine.mobileapptracking.com,AVAILABILITY,domains.list,2021-03-01 05:52:28.142808
63284.engine.mobileapptracking.com,AVAILABILITY,domains.list,2021-03-01 05:52:35.089984
70139fj6kf.mentalist.kameleoon.com,AVAILABILITY,domains.list,2021-03-01 05:52:37.128212
92364.engine.mobileapptracking.com,AVAILABILITY,domains.list,2021-03-01 05:52:40.416044
95952.engine.mobileapptracking.com,AVAILABILITY,domains.list,2021-03-01 05:52:40.855170
96964.engine.mobileapptracking.com,AVAILABILITY,domains.list,2021-03-01 05:52:41.258688
96756.engine.mobileapptracking.com,AVAILABILITY,domains.list,2021-03-01 05:52:41.473119
98254.engine.mobileapptracking.com,AVAILABILITY,domains.list,2021-03-01 05:52:41.749556
115302.engine.mobileapptracking.com,AVAILABILITY,domains.list,2021-03-01 05:52:42.670906
117745.engine.mobileapptracking.com,AVAILABILITY,domains.list,2021-03-01 05:52:42.760320
125000.engine.mobileapptracking.com,AVAILABILITY,domains.list,2021-03-01 05:52:43.540350
126734-hb.adomik.com,AVAILABILITY,domains.list,2021-03-01 05:52:44.143391
127845-hb.adomik.com,AVAILABILITY,domains.list,2021-03-01 05:52:44.426609
142376-hb.adomik.com,AVAILABILITY,domains.list,2021-03-01 05:52:45.014695
143612.engine.mobileapptracking.com,AVAILABILITY,domains.list,2021-03-01 05:52:45.339817
156396.engine.mobileapptracking.com,AVAILABILITY,domains.list,2021-03-01 05:52:47.486038
156654.engine.mobileapptracking.com,AVAILABILITY,domains.list,2021-03-01 05:52:47.663047
156846.engine.mobileapptracking.com,AVAILABILITY,domains.list,2021-03-01 05:52:48.174697
157816.engine.mobileapptracking.com,AVAILABILITY,domains.list,2021-03-01 05:52:48.292593
156950.engine.mobileapptracking.com,AVAILABILITY,domains.list,2021-03-01 05:52:48.337343
158242.engine.mobileapptracking.com,AVAILABILITY,domains.list,2021-03-01 05:52:49.389316
159016.engine.mobileapptracking.com,AVAILABILITY,domains.list,2021-03-01 05:52:49.518429
159070.engine.mobileapptracking.com,AVAILABILITY,domains.list,2021-03-01 05:52:49.617743
159356.engine.mobileapptracking.com,AVAILABILITY,domains.list,2021-03-01 05:52:50.384995
159482.engine.mobileapptracking.com,AVAILABILITY,domains.list,2021-03-01 05:52:50.692620
160226.engine.mobileapptracking.com,AVAILABILITY,domains.list,2021-03-01 05:52:51.124921
160906.engine.mobileapptracking.com,AVAILABILITY,domains.list,2021-03-01 05:52:51.423559
160934.engine.mobileapptracking.com,AVAILABILITY,domains.list,2021-03-01 05:52:52.153024
161154.engine.mobileapptracking.com,AVAILABILITY,domains.list,2021-03-01 05:52:52.691300
161800.engine.mobileapptracking.com,AVAILABILITY,domains.list,2021-03-01 05:52:53.265041
161454.engine.mobileapptracking.com,AVAILABILITY,domains.list,2021-03-01 05:52:53.297429
161434.engine.mobileapptracking.com,AVAILABILITY,domains.list,2021-03-01 05:52:53.648004
162102.engine.mobileapptracking.com,AVAILABILITY,domains.list,2021-03-01 05:52:53.896740
162140.engine.mobileapptracking.com,AVAILABILITY,domains.list,2021-03-01 05:52:54.178121
162402.engine.mobileapptracking.com,AVAILABILITY,domains.list,2021-03-01 05:52:54.493673
162924.engine.mobileapptracking.com,AVAILABILITY,domains.list,2021-03-01 05:52:54.906376
163056.engine.mobileapptracking.com,AVAILABILITY,domains.list,2021-03-01 05:52:55.044618
163386.engine.mobileapptracking.com,AVAILABILITY,domains.list,2021-03-01 05:52:55.627108
163520.engine.mobileapptracking.com,AVAILABILITY,domains.list,2021-03-01 05:52:55.890614
163572.engine.mobileapptracking.com,AVAILABILITY,domains.list,2021-03-01 05:52:55.969068
164496.engine.mobileapptracking.com,AVAILABILITY,domains.list,2021-03-01 05:52:56.771342
164426.engine.mobileapptracking.com,AVAILABILITY,domains.list,2021-03-01 05:52:56.791959
163920.engine.mobileapptracking.com,AVAILABILITY,domains.list,2021-03-01 05:52:56.973696
164772.engine.mobileapptracking.com,AVAILABILITY,domains.list,2021-03-01 05:52:57.111510
164922.engine.mobileapptracking.com,AVAILABILITY,domains.list,2021-03-01 05:52:57.497941
164936.engine.mobileapptracking.com,AVAILABILITY,domains.list,2021-03-01 05:52:57.696034
165106.engine.mobileapptracking.com,AVAILABILITY,domains.list,2021-03-01 05:52:57.970608
165298-hb.adomik.com,AVAILABILITY,domains.list,2021-03-01 05:52:58.377823
165604.engine.mobileapptracking.com,AVAILABILITY,domains.list,2021-03-01 05:52:58.568887
166050.engine.mobileapptracking.com,AVAILABILITY,domains.list,2021-03-01 05:52:58.733075
165786.engine.mobileapptracking.com,AVAILABILITY,domains.list,2021-03-01 05:52:59.020315
166310.engine.mobileapptracking.com,AVAILABILITY,domains.list,2021-03-01 05:52:59.139874
166650.engine.mobileapptracking.com,AVAILABILITY,domains.list,2021-03-01 05:52:59.579166
166496.engine.mobileapptracking.com,AVAILABILITY,domains.list,2021-03-01 05:52:59.903025
167154.engine.mobileapptracking.com,AVAILABILITY,domains.list,2021-03-01 05:53:00.409256
168080.engine.mobileapptracking.com,AVAILABILITY,domains.list,2021-03-01 05:53:00.899845
167654.engine.mobileapptracking.com,AVAILABILITY,domains.list,2021-03-01 05:53:01.192941
169316.engine.mobileapptracking.com,AVAILABILITY,domains.list,2021-03-01 05:53:02.176594
169282.engine.mobileapptracking.com,AVAILABILITY,domains.list,2021-03-01 05:53:02.266056
169566.engine.mobileapptracking.com,AVAILABILITY,domains.list,2021-03-01 05:53:02.912859
169452.engine.mobileapptracking.com,AVAILABILITY,domains.list,2021-03-01 05:53:03.221822
169860.engine.mobileapptracking.com,AVAILABILITY,domains.list,2021-03-01 05:53:03.951404
170672.engine.mobileapptracking.com,AVAILABILITY,domains.list,2021-03-01 05:53:05.336887
170770.engine.mobileapptracking.com,AVAILABILITY,domains.list,2021-03-01 05:53:05.478392
171934.engine.mobileapptracking.com,AVAILABILITY,domains.list,2021-03-01 05:53:06.988426
171630.engine.mobileapptracking.com,AVAILABILITY,domains.list,2021-03-01 05:53:07.061632
171910.engine.mobileapptracking.com,AVAILABILITY,domains.list,2021-03-01 05:53:07.196069
173002.engine.mobileapptracking.com,AVAILABILITY,domains.list,2021-03-01 05:53:07.618176
172960.engine.mobileapptracking.com,AVAILABILITY,domains.list,2021-03-01 05:53:07.680024
173094.engine.mobileapptracking.com,AVAILABILITY,domains.list,2021-03-01 05:53:07.714953
173394.engine.mobileapptracking.com,AVAILABILITY,domains.list,2021-03-01 05:53:07.929317
173464.engine.mobileapptracking.com,AVAILABILITY,domains.list,2021-03-01 05:53:08.441403
174092.engine.mobileapptracking.com,AVAILABILITY,domains.list,2021-03-01 05:53:08.938791
174252.engine.mobileapptracking.com,AVAILABILITY,domains.list,2021-03-01 05:53:09.333365
174370.engine.mobileapptracking.com,AVAILABILITY,domains.list,2021-03-01 05:53:09.407640
174246.engine.mobileapptracking.com,AVAILABILITY,domains.list,2021-03-01 05:53:09.425980
174380.engine.mobileapptracking.com,AVAILABILITY,domains.list,2021-03-01 05:53:09.724857
174674.engine.mobileapptracking.com,AVAILABILITY,domains.list,2021-03-01 05:53:10.289639
174954.engine.mobileapptracking.com,AVAILABILITY,domains.list,2021-03-01 05:53:10.311821
174926.engine.mobileapptracking.com,AVAILABILITY,domains.list,2021-03-01 05:53:10.660481
175062.engine.mobileapptracking.com,AVAILABILITY,domains.list,2021-03-01 05:53:10.902793
174982.engine.mobileapptracking.com,AVAILABILITY,domains.list,2021-03-01 05:53:11.006010
176090.engine.mobileapptracking.com,AVAILABILITY,domains.list,2021-03-01 05:53:11.773730
176232.engine.mobileapptracking.com,AVAILABILITY,domains.list,2021-03-01 05:53:11.882417
176574.engine.mobileapptracking.com,AVAILABILITY,domains.list,2021-03-01 05:53:12.561931
176352.engine.mobileapptracking.com,AVAILABILITY,domains.list,2021-03-01 05:53:12.605540
177034.engine.mobileapptracking.com,AVAILABILITY,domains.list,2021-03-01 05:53:13.215742
177242.engine.mobileapptracking.com,AVAILABILITY,domains.list,2021-03-01 05:53:13.243684
177184.engine.mobileapptracking.com,AVAILABILITY,domains.list,2021-03-01 05:53:13.280301
177484.engine.mobileapptracking.com,AVAILABILITY,domains.list,2021-03-01 05:53:14.110572
177614.engine.mobileapptracking.com,AVAILABILITY,domains.list,2021-03-01 05:53:14.185852
178026.engine.mobileapptracking.com,AVAILABILITY,domains.list,2021-03-01 05:53:14.194851
178852.engine.mobileapptracking.com,AVAILABILITY,domains.list,2021-03-01 05:53:15.127392
179002.engine.mobileapptracking.com,AVAILABILITY,domains.list,2021-03-01 05:53:16.051191
179082.engine.mobileapptracking.com,AVAILABILITY,domains.list,2021-03-01 05:53:16.233141
179240.engine.mobileapptracking.com,AVAILABILITY,domains.list,2021-03-01 05:53:16.702794
179732.engine.mobileapptracking.com,AVAILABILITY,domains.list,2021-03-01 05:53:16.915274
179742.engine.mobileapptracking.com,AVAILABILITY,domains.list,2021-03-01 05:53:17.101051
182592.engine.mobileapptracking.com,AVAILABILITY,domains.list,2021-03-01 05:53:19.476482
182496.engine.mobileapptracking.com,AVAILABILITY,domains.list,2021-03-01 05:53:19.506751
184306.engine.mobileapptracking.com,AVAILABILITY,domains.list,2021-03-01 05:53:20.823692
185052.engine.mobileapptracking.com,AVAILABILITY,domains.list,2021-03-01 05:53:21.932255
185862.engine.mobileapptracking.com,AVAILABILITY,domains.list,2021-03-01 05:53:22.317899
186184.engine.mobileapptracking.com,AVAILABILITY,domains.list,2021-03-01 05:53:22.789800
186576.engine.mobileapptracking.com,AVAILABILITY,domains.list,2021-03-01 05:53:23.330974
186554.engine.mobileapptracking.com,AVAILABILITY,domains.list,2021-03-01 05:53:23.491697
186650.engine.mobileapptracking.com,AVAILABILITY,domains.list,2021-03-01 05:53:23.808481
186770.engine.mobileapptracking.com,AVAILABILITY,domains.list,2021-03-01 05:53:23.975567
187006.engine.mobileapptracking.com,AVAILABILITY,domains.list,2021-03-01 05:53:24.446947
187712.engine.mobileapptracking.com,AVAILABILITY,domains.list,2021-03-01 05:53:24.856940
187816.engine.mobileapptracking.com,AVAILABILITY,domains.list,2021-03-01 05:53:25.368413
188532.engine.mobileapptracking.com,AVAILABILITY,domains.list,2021-03-01 05:53:25.929237
188370.engine.mobileapptracking.com,AVAILABILITY,domains.list,2021-03-01 05:53:26.016834
188684.engine.mobileapptracking.com,AVAILABILITY,domains.list,2021-03-01 05:53:26.128083
188820.engine.mobileapptracking.com,AVAILABILITY,domains.list,2021-03-01 05:53:26.543185
188746.engine.mobileapptracking.com,AVAILABILITY,domains.list,2021-03-01 05:53:26.810687
189016.engine.mobileapptracking.com,AVAILABILITY,domains.list,2021-03-01 05:53:27.107288
189062.engine.mobileapptracking.com,AVAILABILITY,domains.list,2021-03-01 05:53:27.166019
189142.engine.mobileapptracking.com,AVAILABILITY,domains.list,2021-03-01 05:53:28.134109
189100.engine.mobileapptracking.com,AVAILABILITY,domains.list,2021-03-01 05:53:28.147993
189204.engine.mobileapptracking.com,AVAILABILITY,domains.list,2021-03-01 05:53:28.823332
189406.engine.mobileapptracking.com,AVAILABILITY,domains.list,2021-03-01 05:53:29.329696
189454.engine.mobileapptracking.com,AVAILABILITY,domains.list,2021-03-01 05:53:29.599865
189472.engine.mobileapptracking.com,AVAILABILITY,domains.list,2021-03-01 05:53:29.689538
189464.engine.mobileapptracking.com,AVAILABILITY,domains.list,2021-03-01 05:53:29.955969
189494.engine.mobileapptracking.com,AVAILABILITY,domains.list,2021-03-01 05:53:30.217184
189474.engine.mobileapptracking.com,AVAILABILITY,domains.list,2021-03-01 05:53:30.270386
189500.engine.mobileapptracking.com,AVAILABILITY,domains.list,2021-03-01 05:53:30.446666
189558.engine.mobileapptracking.com,AVAILABILITY,domains.list,2021-03-01 05:53:30.601187
189628.engine.mobileapptracking.com,AVAILABILITY,domains.list,2021-03-01 05:53:30.976133
189570.engine.mobileapptracking.com,AVAILABILITY,domains.list,2021-03-01 05:53:31.153443
189572.engine.mobileapptracking.com,AVAILABILITY,domains.list,2021-03-01 05:53:31.187075
189650.engine.mobileapptracking.com,AVAILABILITY,domains.list,2021-03-01 05:53:31.978350
189636.engine.mobileapptracking.com,AVAILABILITY,domains.list,2021-03-01 05:53:32.051289
189674.engine.mobileapptracking.com,AVAILABILITY,domains.list,2021-03-01 05:53:32.323597
189698.engine.mobileapptracking.com,AVAILABILITY,domains.list,2021-03-01 05:53:32.729029
189704.engine.mobileapptracking.com,AVAILABILITY,domains.list,2021-03-01 05:53:32.943543
189742.engine.mobileapptracking.com,AVAILABILITY,domains.list,2021-03-01 05:53:33.356928
189744.engine.mobileapptracking.com,AVAILABILITY,domains.list,2021-03-01 05:53:33.490574
189732.engine.mobileapptracking.com,AVAILABILITY,domains.list,2021-03-01 05:53:33.607703
189770.engine.mobileapptracking.com,AVAILABILITY,domains.list,2021-03-01 05:53:33.884426
189774.engine.mobileapptracking.com,AVAILABILITY,domains.list,2021-03-01 05:53:34.075613
189812.engine.mobileapptracking.com,AVAILABILITY,domains.list,2021-03-01 05:53:34.074696
189862.engine.mobileapptracking.com,AVAILABILITY,domains.list,2021-03-01 05:53:34.447682
189872.engine.mobileapptracking.com,AVAILABILITY,domains.list,2021-03-01 05:53:34.606310
189904.engine.mobileapptracking.com,AVAILABILITY,domains.list,2021-03-01 05:53:35.139965
189971.engine.mobileapptracking.com,AVAILABILITY,domains.list,2021-03-01 05:53:35.267468
189925.engine.mobileapptracking.com,AVAILABILITY,domains.list,2021-03-01 05:53:35.338665
190087.engine.mobileapptracking.com,AVAILABILITY,domains.list,2021-03-01 05:53:36.176884
190093.engine.mobileapptracking.com,AVAILABILITY,domains.list,2021-03-01 05:53:36.292485
190157.engine.mobileapptracking.com,AVAILABILITY,domains.list,2021-03-01 05:53:36.778200
190161.engine.mobileapptracking.com,AVAILABILITY,domains.list,2021-03-01 05:53:36.799369
190201.engine.mobileapptracking.com,AVAILABILITY,domains.list,2021-03-01 05:53:37.607098
190241.engine.mobileapptracking.com,AVAILABILITY,domains.list,2021-03-01 05:53:37.688871
190421.engine.mobileapptracking.com,AVAILABILITY,domains.list,2021-03-01 05:53:38.294254
190519.engine.mobileapptracking.com,AVAILABILITY,domains.list,2021-03-01 05:53:38.517015
190473.engine.mobileapptracking.com,AVAILABILITY,domains.list,2021-03-01 05:53:38.829615
190521.engine.mobileapptracking.com,AVAILABILITY,domains.list,2021-03-01 05:53:38.833350
190571.engine.mobileapptracking.com,AVAILABILITY,domains.list,2021-03-01 05:53:39.393544
190691.engine.mobileapptracking.com,AVAILABILITY,domains.list,2021-03-01 05:53:39.493910
190723.engine.mobileapptracking.com,AVAILABILITY,domains.list,2021-03-01 05:53:39.581484
190733.engine.mobileapptracking.com,AVAILABILITY,domains.list,2021-03-01 05:53:40.006564
190725.engine.mobileapptracking.com,AVAILABILITY,domains.list,2021-03-01 05:53:40.087325
190743.engine.mobileapptracking.com,AVAILABILITY,domains.list,2021-03-01 05:53:40.313908
190781.engine.mobileapptracking.com,AVAILABILITY,domains.list,2021-03-01 05:53:40.568082
190823.engine.mobileapptracking.com,AVAILABILITY,domains.list,2021-03-01 05:53:41.025671
190881.engine.mobileapptracking.com,AVAILABILITY,domains.list,2021-03-01 05:53:41.069649
190963.engine.mobileapptracking.com,AVAILABILITY,domains.list,2021-03-01 05:53:41.535430
190993.engine.mobileapptracking.com,AVAILABILITY,domains.list,2021-03-01 05:53:41.675693
191031.engine.mobileapptracking.com,AVAILABILITY,domains.list,2021-03-01 05:53:41.704717
191091.engine.mobileapptracking.com,AVAILABILITY,domains.list,2021-03-01 05:53:42.059062
191185.engine.mobileapptracking.com,AVAILABILITY,domains.list,2021-03-01 05:53:42.479472
191271.engine.mobileapptracking.com,AVAILABILITY,domains.list,2021-03-01 05:53:42.541500
191145.engine.mobileapptracking.com,AVAILABILITY,domains.list,2021-03-01 05:53:42.735379
191293.engine.mobileapptracking.com,AVAILABILITY,domains.list,2021-03-01 05:53:43.098382
191491.engine.mobileapptracking.com,AVAILABILITY,domains.list,2021-03-01 05:53:43.312050
191853.engine.mobileapptracking.com,AVAILABILITY,domains.list,2021-03-01 05:53:44.189905
191945.engine.mobileapptracking.com,AVAILABILITY,domains.list,2021-03-01 05:53:44.247848
192023.engine.mobileapptracking.com,AVAILABILITY,domains.list,2021-03-01 05:53:44.714461
192081.engine.mobileapptracking.com,AVAILABILITY,domains.list,2021-03-01 05:53:45.078588
192183.engine.mobileapptracking.com,AVAILABILITY,domains.list,2021-03-01 05:53:45.512343
192217.engine.mobileapptracking.com,AVAILABILITY,domains.list,2021-03-01 05:53:46.104578
192313.engine.mobileapptracking.com,AVAILABILITY,domains.list,2021-03-01 05:53:46.205061
192325.engine.mobileapptracking.com,AVAILABILITY,domains.list,2021-03-01 05:53:46.271155
192473.engine.mobileapptracking.com,AVAILABILITY,domains.list,2021-03-01 05:53:46.590225
192351.engine.mobileapptracking.com,AVAILABILITY,domains.list,2021-03-01 05:53:47.129006
192596.engine.mobileapptracking.com,AVAILABILITY,domains.list,2021-03-01 05:53:47.713297
192681.engine.mobileapptracking.com,AVAILABILITY,domains.list,2021-03-01 05:53:47.840682
192665.engine.mobileapptracking.com,AVAILABILITY,domains.list,2021-03-01 05:53:48.015151
192710.engine.mobileapptracking.com,AVAILABILITY,domains.list,2021-03-01 05:53:48.405821
192740.engine.mobileapptracking.com,AVAILABILITY,domains.list,2021-03-01 05:53:48.489994
192834.engine.mobileapptracking.com,AVAILABILITY,domains.list,2021-03-01 05:53:48.739870
192961.engine.mobileapptracking.com,AVAILABILITY,domains.list,2021-03-01 05:53:49.281357
193165.engine.mobileapptracking.com,AVAILABILITY,domains.list,2021-03-01 05:53:49.778435
193251.engine.mobileapptracking.com,AVAILABILITY,domains.list,2021-03-01 05:53:50.322952
193285.engine.mobileapptracking.com,AVAILABILITY,domains.list,2021-03-01 05:53:50.467634
193594.engine.mobileapptracking.com,AVAILABILITY,domains.list,2021-03-01 05:53:50.731066
193641.engine.mobileapptracking.com,AVAILABILITY,domains.list,2021-03-01 05:53:50.984680
193613.engine.mobileapptracking.com,AVAILABILITY,domains.list,2021-03-01 05:53:51.048853
194985.engine.mobileapptracking.com,AVAILABILITY,domains.list,2021-03-01 05:53:52.301616
195133.engine.mobileapptracking.com,AVAILABILITY,domains.list,2021-03-01 05:53:52.493793
195421.engine.mobileapptracking.com,AVAILABILITY,domains.list,2021-03-01 05:53:53.123501
195616.engine.mobileapptracking.com,AVAILABILITY,domains.list,2021-03-01 05:53:53.213822
195723.engine.mobileapptracking.com,AVAILABILITY,domains.list,2021-03-01 05:53:53.350759
196530.engine.mobileapptracking.com,AVAILABILITY,domains.list,2021-03-01 05:53:54.009929
197254-hb.adomik.com,AVAILABILITY,domains.list,2021-03-01 05:53:54.766162
197254.hb.adomik.com,AVAILABILITY,domains.list,2021-03-01 05:53:55.322977
249361-hb.adomik.com,AVAILABILITY,domains.list,2021-03-01 05:53:57.293431
238097-hb.adomik.com,AVAILABILITY,domains.list,2021-03-01 05:53:57.442761
276389.hb.adomik.com,AVAILABILITY,domains.list,2021-03-01 05:53:57.882045
286480-hb.adomik.com,AVAILABILITY,domains.list,2021-03-01 05:53:59.230501
326754-hb.adomik.com,AVAILABILITY,domains.list,2021-03-01 05:54:01.538304
384627-hb.adomik.com,AVAILABILITY,domains.list,2021-03-01 05:54:11.828138
397654-hb.adomik.com,AVAILABILITY,domains.list,2021-03-01 05:54:16.285154
499899-hb.adomik.com,AVAILABILITY,domains.list,2021-03-01 05:54:39.191802
513451-hb.adomik.com,AVAILABILITY,domains.list,2021-03-01 05:54:39.468757
562189-hb.adomik.com,AVAILABILITY,domains.list,2021-03-01 05:54:40.926015
537285.hb.adomik.com,AVAILABILITY,domains.list,2021-03-01 05:54:41.174060
564329-hb.adomik.com,AVAILABILITY,domains.list,2021-03-01 05:54:41.468658
658421-hb.adomik.com,AVAILABILITY,domains.list,2021-03-01 05:54:42.542459
713452-hb.adomik.com,AVAILABILITY,domains.list,2021-03-01 05:54:43.600712
771132-hb.adomik.com,AVAILABILITY,domains.list,2021-03-01 05:54:43.903327
874376-hb.adomik.com,AVAILABILITY,domains.list,2021-03-01 05:54:45.319881
957328-hb.adomik.com,AVAILABILITY,domains.list,2021-03-01 05:54:46.795917
967422-hb.adomik.com,AVAILABILITY,domains.list,2021-03-01 05:54:47.321568
968412-hb.adomik.com,AVAILABILITY,domains.list,2021-03-01 05:54:47.618785
994329-hb.adomik.com,AVAILABILITY,domains.list,2021-03-01 05:54:48.317059
997034-hb.adomik.com,AVAILABILITY,domains.list,2021-03-01 05:54:48.791118
994329.hb.adomik.com,AVAILABILITY,domains.list,2021-03-01 05:54:48.945745
3408178b.go-mpulse.net,AVAILABILITY,domains.list,2021-03-01 05:55:01.994512
3409119b.go-mpulse.net,AVAILABILITY,domains.list,2021-03-01 05:55:02.442114
3408178b.mpstat.us,AVAILABILITY,domains.list,2021-03-01 05:55:02.609300
3409119b.mpstat.us,AVAILABILITY,domains.list,2021-03-01 05:55:03.675919
