subject,idna_subject,expiration_date,epoch
01l.xyz,01l.xyz,20-apr-2021,1618876800.0
0d847862199.com,0d847862199.com,11-may-2021,1620691200.0
11x11.com,11x11.com,03-may-2021,1620000000.0
123metrics.com,123metrics.com,16-jun-2021,1623801600.0
1bcde.com,1bcde.com,06-aug-2021,1628208000.0
1e122c580cf.com,1e122c580cf.com,25-jun-2021,1624579200.0
1gbits.com,1gbits.com,12-sep-2029,1883865600.0
1phads.com,1phads.com,12-feb-2021,1613088000.0
2znp09oa.com,2znp09oa.com,24-feb-2021,1614124800.0
360yield.com,360yield.com,02-jun-2021,1622592000.0
45eijvhgj2.com,45eijvhgj2.com,19-jul-2021,1626652800.0
49oa3o49b6.com,49oa3o49b6.com,11-jul-2021,1625961600.0
4dsply.com,4dsply.com,10-apr-2021,1618012800.0
4jnzhl0d0.com,4jnzhl0d0.com,24-feb-2021,1614124800.0
6ldu6qa.com,6ldu6qa.com,24-feb-2021,1614124800.0
7eer.net,7eer.net,28-jan-2021,1611792000.0
82o9v830.com,82o9v830.com,24-feb-2021,1614124800.0
9dot9.in,9dot9.in,13-aug-2022,1660348800.0
a-ads.com,a-ads.com,07-jul-2021,1625616000.0
a-msedge.net,a-msedge.net,06-mar-2021,1614988800.0
a1dev.com,a1dev.com,13-jun-2026,1781308800.0
a1stats.com,a1stats.com,30-jan-2021,1611964800.0
a63t9o1azf.com,a63t9o1azf.com,08-jun-2021,1623110400.0
aanqylta.com,aanqylta.com,25-jan-2021,1611532800.0
aarth.com,aarth.com,29-jul-2021,1627516800.0
aatkit.com,aatkit.com,12-apr-2021,1618185600.0
abnormour.club,abnormour.club,14-mar-2021,1615680000.0
abrts.pro,abrts.pro,02-feb-2021,1612224000.0
abruptroad.com,abruptroad.com,21-mar-2021,1616284800.0
accengage.com,accengage.com,07-mar-2022,1646611200.0
accountkit.com,accountkit.com,28-apr-2027,1808870400.0
accuenmedia.com,accuenmedia.com,23-jul-2021,1626998400.0
acertb.com,acertb.com,01-apr-2021,1617235200.0
act-on.com,act-on.com,21-aug-2024,1724198400.0
actionx.com,actionx.com,26-jul-2021,1627257600.0
actonsoftware.com,actonsoftware.com,14-jun-2024,1718323200.0
actuallysheep.com,actuallysheep.com,21-mar-2021,1616284800.0
acuityads.com,acuityads.com,25-sep-2021,1632528000.0
ad-delivery.net,ad-delivery.net,03-may-2021,1620000000.0
ad4game.com,ad4game.com,12-may-2021,1620777600.0
adadvisor.net,adadvisor.net,08-apr-2024,1712534400.0
adara.com,adara.com,31-jan-2021,1612051200.0
adbrau.com,adbrau.com,22-apr-2021,1619049600.0
adcolony.com,adcolony.com,07-aug-2021,1628294400.0
addthis.com,addthis.com,25-may-2021,1621900800.0
adelphic.com,adelphic.com,02-feb-2021,1612224000.0
adexchangecloud.com,adexchangecloud.com,27-apr-2021,1619481600.0
adexchangedirect.com,adexchangedirect.com,27-apr-2021,1619481600.0
adexchangegate.com,adexchangegate.com,27-apr-2021,1619481600.0
adexchangetracker.com,adexchangetracker.com,27-apr-2021,1619481600.0
adexten.com,adexten.com,23-jun-2021,1624406400.0
adgear.com,adgear.com,28-jul-2021,1627430400.0
adhigh.net,adhigh.net,15-oct-2025,1760486400.0
adiode.com,adiode.com,08-jun-2021,1623110400.0
adiquity.com,adiquity.com,01-jun-2023,1685577600.0
adk2x.com,adk2x.com,19-mar-2021,1616112000.0
adlegend.com,adlegend.com,18-apr-2021,1618704000.0
adlooxtracking.com,adlooxtracking.com,18-aug-2021,1629244800.0
admantx.com,admantx.com,09-apr-2022,1649462400.0
admost.com,admost.com,19-jul-2022,1658188800.0
adnetworkperformance.com,adnetworkperformance.com,27-apr-2021,1619481600.0
adnexus.net,adnexus.net,04-may-2022,1651622400.0
adnium.com,adnium.com,17-jun-2026,1781654400.0
adnxs.com,adnxs.com,27-may-2022,1653609600.0
adollo.com,adollo.com,08-jun-2021,1623110400.0
adoric-om.com,adoric-om.com,30-may-2027,1811635200.0
adotmob.com,adotmob.com,04-feb-2021,1612396800.0
adreactor.com,adreactor.com,12-aug-2021,1628726400.0
adrecover.com,adrecover.com,06-may-2025,1746489600.0
adrta.com,adrta.com,22-jun-2023,1687392000.0
adrtx.net,adrtx.net,04-jun-2021,1622764800.0
adrunnr.com,adrunnr.com,02-mar-2021,1614643200.0
ads2dc.com,ads2dc.com,31-jan-2021,1612051200.0
ads2live.com,ads2live.com,07-feb-2021,1612656000.0
adsafeprotected.com,adsafeprotected.com,01-apr-2023,1680307200.0
adsbing.com,adsbing.com,10-jul-2021,1625875200.0
adsclk.com,adsclk.com,11-apr-2021,1618099200.0
adsco.re,adsco.re,14-feb-2027,1802563200.0
adscoverage.net,adscoverage.net,03-jul-2021,1625270400.0
adsession.com,adsession.com,09-may-2021,1620518400.0
adsflame.com,adsflame.com,07-feb-2021,1612656000.0
adskeeper.co.uk,adskeeper.co.uk,16-may-2021,1621123200.0
adsnative.com,adsnative.com,21-jun-2021,1624233600.0
adsrvr.org,adsrvr.org,29-mar-2021,1616976000.0
adstacks.in,adstacks.in,16-oct-2021,1634342400.0
adstract.com,adstract.com,19-mar-2021,1616112000.0
adswizz.com,adswizz.com,19-nov-2027,1826582400.0
adsymptotic.com,adsymptotic.com,09-sep-2023,1694217600.0
adszx.pro,adszx.pro,05-may-2021,1620172800.0
adtechjp.com,adtechjp.com,21-mar-2021,1616284800.0
adtechus.com,adtechus.com,26-oct-2021,1635206400.0
adtekmedia.com,adtekmedia.com,09-apr-2021,1617926400.0
adtelligent.com,adtelligent.com,02-feb-2022,1643760000.0
adthink.com,adthink.com,03-aug-2021,1627948800.0
adtiming.com,adtiming.com,08-jul-2024,1720396800.0
adturtle.biz,adturtle.biz,27-jun-2021,1624752000.0
adultsense.net,adultsense.net,30-jun-2021,1625011200.0
adveric.net,adveric.net,16-mar-2021,1615852800.0
advertising.com,advertising.com,04-jan-2022,1641254400.0
adviva.net,adviva.net,15-aug-2021,1628985600.0
adx.io,adx.io,14-jan-2025,1736812800.0
adxnexus.com,adxnexus.com,10-apr-2021,1618012800.0
adxxx.com,adxxx.com,23-aug-2021,1629676800.0
adzfun.info,adzfun.info,29-jun-2021,1624924800.0
adzincome.in,adzincome.in,23-aug-2021,1629676800.0
adzmedia.com,adzmedia.com,07-apr-2021,1617753600.0
adzsx.pro,adzsx.pro,05-may-2021,1620172800.0
adztracking.com,adztracking.com,18-apr-2021,1618704000.0
afco2go.com,afco2go.com,24-jul-2021,1627084800.0
affforce.com,affforce.com,18-oct-2024,1729209600.0
affx2go.com,affx2go.com,08-mar-2021,1615161600.0
afvcugqaulh.co,afvcugqaulh.co,14-jul-2021,1626220800.0
ag2hqdyt.site,ag2hqdyt.site,29-may-2021,1622246400.0
agafurretor.com,agafurretor.com,25-mar-2021,1616630400.0
agreeableprice.com,agreeableprice.com,07-jun-2021,1623024000.0
aheadday.com,aheadday.com,03-apr-2021,1617408000.0
ailiyou1999.com,ailiyou1999.com,07-jun-2021,1623024000.0
ajkzd9h.com,ajkzd9h.com,09-mar-2021,1615248000.0
akstat.io,akstat.io,23-mar-2021,1616457600.0
albacross.com,albacross.com,03-feb-2021,1612310400.0
allaboutsearching.com,allaboutsearching.com,23-feb-2021,1614038400.0
allday.in.ua,allday.in.ua,18-jul-2021,1626566400.0
alliance4media.com,alliance4media.com,04-apr-2021,1617494400.0
altrooz.com,altrooz.com,18-may-2022,1652832000.0
amazon-adsystem.com,amazon-adsystem.com,16-sep-2024,1726444800.0
ambitiousagreement.com,ambitiousagreement.com,03-apr-2021,1617408000.0
amobee.com,amobee.com,22-feb-2021,1613952000.0
andbeyond.media,andbeyond.media,26-dec-2022,1672012800.0
anonymous-net.com,anonymous-net.com,28-aug-2021,1630108800.0
antdmn.xyz,antdmn.xyz,11-may-2021,1620691200.0
antipaucity.com,antipaucity.com,22-feb-2023,1677024000.0
apolloprogram.io,apolloprogram.io,12-jul-2021,1626048000.0
app-measurement.com,app-measurement.com,19-jun-2021,1624060800.0
appboy-images.com,appboy-images.com,26-feb-2021,1614297600.0
appboy.com,appboy.com,06-oct-2023,1696550400.0
appfly.mobi,appfly.mobi,24-mar-2021,1616544000.0
appier.net,appier.net,19-jun-2021,1624060800.0
applovin.com,applovin.com,01-jul-2024,1719792000.0
applvn.com,applvn.com,25-may-2021,1621900800.0
appnext.com,appnext.com,13-feb-2021,1613174400.0
appsamurai.com,appsamurai.com,18-feb-2022,1645142400.0
appsee.com,appsee.com,15-aug-2021,1628985600.0
appsflyer.com,appsflyer.com,09-may-2024,1715212800.0
apptimize.com,apptimize.com,05-may-2023,1683244800.0
apptrackit.com,apptrackit.com,10-feb-2022,1644451200.0
apptrk.io,apptrk.io,28-mar-2021,1616889600.0
appvirality.com,appvirality.com,22-nov-2021,1637539200.0
aprileclean.com,aprileclean.com,08-aug-2021,1628380800.0
apxadtracking.net,apxadtracking.net,06-aug-2021,1628208000.0
apxor.com,apxor.com,19-feb-2021,1613692800.0
apyoth.com,apyoth.com,05-jul-2021,1625443200.0
ar1nvz5.com,ar1nvz5.com,24-feb-2021,1614124800.0
arbor.io,arbor.io,04-apr-2021,1617494400.0
arescadon.com,arescadon.com,24-may-2021,1621814400.0
argyresthia.com,argyresthia.com,03-aug-2021,1627948800.0
aservices.party,aservices.party,07-apr-2021,1617753600.0
atdmt.com,atdmt.com,17-aug-2021,1629158400.0
atlassolutions.com,atlassolutions.com,07-aug-2021,1628294400.0
atomex.net,atomex.net,12-feb-2024,1707696000.0
atwola.com,atwola.com,29-oct-2021,1635465600.0
audienceline.com,audienceline.com,28-apr-2021,1619568000.0
audiencetrust.com,audiencetrust.com,30-jun-2021,1625011200.0
auditude.com,auditude.com,01-jul-2021,1625097600.0
authorne.info,authorne.info,23-may-2021,1621728000.0
automatad.com,automatad.com,08-feb-2021,1612742400.0
auxml.com,auxml.com,16-mar-2021,1615852800.0
avocet.io,avocet.io,09-apr-2021,1617926400.0
awzbijw.com,awzbijw.com,24-feb-2021,1614124800.0
axdst.pro,axdst.pro,03-feb-2021,1612310400.0
axdsz.pro,axdsz.pro,05-may-2021,1620172800.0
axiatraders.com,axiatraders.com,06-mar-2021,1614988800.0
balancebreath.com,balancebreath.com,26-feb-2021,1614297600.0
balloontexture.com,balloontexture.com,26-feb-2022,1645833600.0
batch.com,batch.com,15-aug-2023,1692057600.0
batmobi.net,batmobi.net,26-feb-2021,1614297600.0
bawdybeast.com,bawdybeast.com,03-aug-2021,1627948800.0
beamincrease.com,beamincrease.com,26-feb-2021,1614297600.0
bebi.com,bebi.com,13-may-2021,1620864000.0
becanium.com,becanium.com,06-mar-2021,1614988800.0
beemray.com,beemray.com,16-dec-2021,1639612800.0
beetle-clicks.biz,beetle-clicks.biz,08-feb-2021,1612742400.0
bes-progfree.com,bes-progfree.com,03-jul-2021,1625270400.0
besied.com,besied.com,17-apr-2021,1618617600.0
bestadbid.com,bestadbid.com,10-jul-2021,1625875200.0
bestfwdservice.com,bestfwdservice.com,19-may-2021,1621382400.0
bestperforming.site,bestperforming.site,08-mar-2021,1615161600.0
betachic.com,betachic.com,07-mar-2021,1615075200.0
betrad.com,betrad.com,17-nov-2024,1731801600.0
bfmio.com,bfmio.com,03-mar-2025,1740960000.0
bhcumsc.com,bhcumsc.com,24-feb-2021,1614124800.0
bigsharkmedia.com,bigsharkmedia.com,21-mar-2021,1616284800.0
bitadexchange.com,bitadexchange.com,27-apr-2021,1619481600.0
bitonclick.com,bitonclick.com,27-apr-2021,1619481600.0
blis.com,blis.com,23-may-2022,1653264000.0
blockadblock.com,blockadblock.com,06-apr-2021,1617667200.0
bluecava.com,bluecava.com,01-feb-2021,1612137600.0
bnserving.com,bnserving.com,14-apr-2021,1618358400.0
bombora.com,bombora.com,27-oct-2025,1761523200.0
boredcrown.com,boredcrown.com,03-aug-2021,1627948800.0
bounceexchange.com,bounceexchange.com,03-apr-2027,1806710400.0
bouncex.com,bouncex.com,09-may-2021,1620518400.0
brainlyads.com,brainlyads.com,24-apr-2021,1619222400.0
branch.io,branch.io,10-nov-2026,1794268800.0
brandreachsys.com,brandreachsys.com,02-oct-2021,1633132800.0
brealtime.com,brealtime.com,17-apr-2021,1618617600.0
bridsun.com,bridsun.com,17-aug-2021,1629158400.0
briefext.com,briefext.com,19-mar-2021,1616112000.0
brightonclick.com,brightonclick.com,27-apr-2021,1619481600.0
broadboundary.com,broadboundary.com,21-mar-2021,1616284800.0
broaddoor.com,broaddoor.com,03-aug-2021,1627948800.0
bronewlook.com,bronewlook.com,18-apr-2021,1618704000.0
browsee.io,browsee.io,10-mar-2021,1615334400.0
browsers.support,browsers.support,01-mar-2021,1614556800.0
btez8.xyz,btez8.xyz,27-jul-2021,1627344000.0
buddha-stat.online,buddha-stat.online,17-apr-2021,1618617600.0
businessbells.com,businessbells.com,26-feb-2021,1614297600.0
buysellads.com,buysellads.com,02-nov-2027,1825113600.0
buzzadexchange.com,buzzadexchange.com,27-apr-2021,1619481600.0
buzzadnetwork.com,buzzadnetwork.com,27-apr-2021,1619481600.0
c-4fambt.com,c-4fambt.com,21-jun-2021,1624233600.0
carambo.la,carambo.la,15-jul-2022,1657843200.0
carbonads.com,carbonads.com,26-jun-2021,1624665600.0
catalina.com,catalina.com,06-nov-2021,1636156800.0
chartboost.com,chartboost.com,24-feb-2021,1614124800.0
cherrypimps.rocks,cherrypimps.rocks,16-jul-2021,1626393600.0
chickensstation.com,chickensstation.com,03-apr-2021,1617408000.0
chitika.com,chitika.com,29-jan-2021,1611878400.0
clearonclick.com,clearonclick.com,27-apr-2021,1619481600.0
clevernt.com,clevernt.com,22-jun-2021,1624320000.0
clickagy.com,clickagy.com,30-jun-2021,1625011200.0
clickcease.com,clickcease.com,13-mar-2021,1615593600.0
clicktale.net,clicktale.net,21-jun-2021,1624233600.0
clicktripz.com,clicktripz.com,08-feb-2023,1675814400.0
clinkadtracking.com,clinkadtracking.com,03-aug-2021,1627948800.0
clubs-movil.com,clubs-movil.com,13-mar-2024,1710288000.0
cludo.com,cludo.com,30-may-2021,1622332800.0
cnzz.com,cnzz.com,13-apr-2021,1618272000.0
cobalten.com,cobalten.com,13-jun-2021,1623542400.0
coin-hive.com,coin-hive.com,24-aug-2021,1629763200.0
commandwalk.com,commandwalk.com,13-jun-2021,1623542400.0
comnewsupdate.info,comnewsupdate.info,17-jul-2021,1626480000.0
comsss-56.com,comsss-56.com,01-jul-2021,1625097600.0
concert.io,concert.io,29-aug-2021,1630195200.0
condenast.com,condenast.com,24-may-2021,1621814400.0
condenastdigital.com,condenastdigital.com,21-jan-2022,1642723200.0
connectad.io,connectad.io,16-jun-2021,1623801600.0
connexity.net,connexity.net,06-jan-2024,1704499200.0
constintptr.com,constintptr.com,21-feb-2021,1613865600.0
consumable.com,consumable.com,29-mar-2021,1616976000.0
contehos.com,contehos.com,27-feb-2021,1614384000.0
content-ad.net,content-ad.net,15-dec-2026,1797292800.0
contextweb.com,contextweb.com,16-mar-2023,1678924800.0
cookie-script.com,cookie-script.com,28-may-2029,1874620800.0
copperchickens.com,copperchickens.com,21-mar-2021,1616284800.0
coremetrics.com,coremetrics.com,13-feb-2021,1613174400.0
cpm10.com,cpm10.com,19-may-2021,1621382400.0
cpm20.com,cpm20.com,21-jul-2021,1626825600.0
cpmstar.com,cpmstar.com,22-aug-2021,1629590400.0
crawlability.com,crawlability.com,01-mar-2021,1614556800.0
crawlclocks.com,crawlclocks.com,26-feb-2021,1614297600.0
criteo.com,criteo.com,17-jun-2021,1623888000.0
critictruck.com,critictruck.com,19-jun-2021,1624060800.0
crittercism.com,crittercism.com,18-aug-2024,1723939200.0
crossmetrix.com,crossmetrix.com,31-may-2021,1622419200.0
cuberoot.co,cuberoot.co,21-apr-2021,1618963200.0
cutecushion.com,cutecushion.com,26-feb-2021,1614297600.0
datafirst.io,datafirst.io,15-jun-2021,1623715200.0
decisiveducks.com,decisiveducks.com,03-apr-2021,1617408000.0
deepc.cc,deepc.cc,29-jul-2026,1785283200.0
deloplen.com,deloplen.com,29-mar-2021,1616976000.0
demandbase.com,demandbase.com,12-apr-2021,1618185600.0
demdex.net,demdex.net,12-aug-2021,1628726400.0
departapp.com,departapp.com,01-apr-2021,1617235200.0
deployads.com,deployads.com,31-jul-2021,1627689600.0
deshmedia.com,deshmedia.com,14-mar-2021,1615680000.0
dgafgadsgkjg.top,dgafgadsgkjg.top,16-aug-2021,1629072000.0
dianomi.com,dianomi.com,10-dec-2021,1639094400.0
differentdesk.com,differentdesk.com,26-jul-2021,1627257600.0
digiadzone.com,digiadzone.com,10-may-2021,1620604800.0
digitru.st,digitru.st,19-feb-2021,1613692800.0
disqusads.com,disqusads.com,16-dec-2021,1639612800.0
districtm.io,districtm.io,14-mar-2021,1615680000.0
districtm.net,districtm.net,20-apr-2021,1618876800.0
djjohal.video,djjohal.video,19-may-2021,1621382400.0
dk4ywix.com,dk4ywix.com,24-feb-2021,1614124800.0
dobermanmedia.com,dobermanmedia.com,23-may-2021,1621728000.0
dodowind.com,dodowind.com,05-may-2021,1620172800.0
dolohen.com,dolohen.com,04-feb-2021,1612396800.0
domdex.com,domdex.com,26-aug-2021,1629936000.0
domobile.com,domobile.com,12-mar-2026,1773273600.0
dotomi.com,dotomi.com,01-mar-2027,1803859200.0
doubleclick1.xyz,doubleclick1.xyz,06-apr-2021,1617667200.0
doubleclick2.xyz,doubleclick2.xyz,06-apr-2021,1617667200.0
doubleclick3.xyz,doubleclick3.xyz,14-jul-2021,1626220800.0
doubleclick5.xyz,doubleclick5.xyz,06-apr-2021,1617667200.0
doubleclick6.xyz,doubleclick6.xyz,06-apr-2021,1617667200.0
doublepimp.com,doublepimp.com,03-jun-2021,1622678400.0
doubleverify.com,doubleverify.com,18-aug-2024,1723939200.0
doubtfulrainstorm.com,doubtfulrainstorm.com,03-apr-2021,1617408000.0
dq95d35.com,dq95d35.com,24-feb-2021,1614124800.0
dradvice.in,dradvice.in,08-jul-2021,1625702400.0
dragzebra.com,dragzebra.com,03-apr-2021,1617408000.0
dumedia.ru,dumedia.ru,24-mar-2021,1616544000.0
dynamoads.com,dynamoads.com,09-apr-2021,1617926400.0
e2ertt.com,e2ertt.com,18-jul-2021,1626566400.0
eazywalkers.com,eazywalkers.com,29-apr-2021,1619654400.0
ebz.io,ebz.io,06-jul-2021,1625529600.0
effective-ads.com,effective-ads.com,01-apr-2021,1617235200.0
ejyymghi.com,ejyymghi.com,24-feb-2021,1614124800.0
elasticchange.com,elasticchange.com,03-aug-2021,1627948800.0
elephantqueue.com,elephantqueue.com,19-jun-2021,1624060800.0
emxdgt.com,emxdgt.com,24-may-2021,1621814400.0
enjoyadsplatform.com,enjoyadsplatform.com,27-aug-2022,1661558400.0
ensighten.com,ensighten.com,22-dec-2025,1766361600.0
eoredi.com,eoredi.com,29-mar-2021,1616976000.0
eproperties.mx,eproperties.mx,14-apr-2021,1618358400.0
errorception.com,errorception.com,30-jul-2021,1627603200.0
ethfw0370q.com,ethfw0370q.com,08-jun-2021,1623110400.0
everestjs.net,everestjs.net,24-apr-2021,1619222400.0
everesttech.net,everesttech.net,28-mar-2021,1616889600.0
evergage.com,evergage.com,23-feb-2025,1740268800.0
everyplay.com,everyplay.com,30-aug-2022,1661817600.0
evyy.net,evyy.net,28-jan-2026,1769558400.0
exchange4media.com,exchange4media.com,03-jul-2021,1625270400.0
exclusivebrass.com,exclusivebrass.com,21-mar-2021,1616284800.0
exdynsrv.com,exdynsrv.com,20-oct-2023,1697760000.0
exercially.mobi,exercially.mobi,19-feb-2021,1613692800.0
exitmonetization.com,exitmonetization.com,21-mar-2021,1616284800.0
exoclick.com,exoclick.com,01-sep-2024,1725148800.0
expertblogs.pro,expertblogs.pro,23-mar-2021,1616457600.0
exts77apk.com,exts77apk.com,15-jun-2021,1623715200.0
eyeota.net,eyeota.net,15-sep-2023,1694736000.0
ezoic.com,ezoic.com,31-jan-2029,1864512000.0
eztv.com,eztv.com,28-jun-2021,1624838400.0
f5v1x3kgv5.com,f5v1x3kgv5.com,11-jul-2021,1625961600.0
fairnessels.com,fairnessels.com,04-apr-2021,1617494400.0
fallingfalcon.com,fallingfalcon.com,25-may-2021,1621900800.0
famo.us,famo.us,08-jul-2025,1751932800.0
fasttoss.com,fasttoss.com,17-may-2021,1621209600.0
faultyfowl.com,faultyfowl.com,21-mar-2021,1616284800.0
fedifice-prionald.com,fedifice-prionald.com,28-may-2021,1622160000.0
fedsit.com,fedsit.com,29-mar-2021,1616976000.0
feebleshock.com,feebleshock.com,03-apr-2021,1617408000.0
fhpro.in,fhpro.in,16-feb-2021,1613433600.0
fingahvf.top,fingahvf.top,22-jun-2021,1624320000.0
fitanalytics.com,fitanalytics.com,15-mar-2021,1615766400.0
flirt4free.com,flirt4free.com,30-sep-2021,1632960000.0
floodprincipal.com,floodprincipal.com,19-jun-2021,1624060800.0
flurry.com,flurry.com,03-may-2021,1620000000.0
fnacgbik9v14.com,fnacgbik9v14.com,27-apr-2021,1619481600.0
fnkyyrgraizy.com,fnkyyrgraizy.com,30-apr-2021,1619740800.0
formulawire.com,formulawire.com,21-jun-2021,1624233600.0
fqtag.com,fqtag.com,16-may-2021,1621123200.0
frailoffer.com,frailoffer.com,03-aug-2021,1627948800.0
free-counters.co.uk,free-counters.co.uk,24-mar-2022,1648080000.0
freedomrewardz.com,freedomrewardz.com,25-jun-2021,1624579200.0
freegeoip.io,freegeoip.io,06-apr-2021,1617667200.0
frefxzrmcdxdmi.com,frefxzrmcdxdmi.com,03-mar-2021,1614729600.0
functionalclam.com,functionalclam.com,21-jun-2021,1624233600.0
futuristicfairies.com,futuristicfairies.com,03-apr-2021,1617408000.0
fuzzyflavor.com,fuzzyflavor.com,03-apr-2021,1617408000.0
fwmrm.net,fwmrm.net,13-nov-2021,1636761600.0
ga87z2o.com,ga87z2o.com,07-may-2021,1620345600.0
gameanalytics.com,gameanalytics.com,01-jul-2023,1688169600.0
gebadu.com,gebadu.com,29-mar-2021,1616976000.0
geniusdisplay.com,geniusdisplay.com,27-apr-2021,1619481600.0
getadmiral.com,getadmiral.com,01-jun-2021,1622505600.0
getui.com,getui.com,26-oct-2024,1729900800.0
giddycoat.com,giddycoat.com,03-aug-2021,1627948800.0
go-mpulse.net,go-mpulse.net,02-dec-2021,1638403200.0
go-rillatrack.com,go-rillatrack.com,16-nov-2021,1637020800.0
google-analytics.com,google-analytics.com,18-jul-2021,1626566400.0
googleadservices.com,googleadservices.com,19-jun-2021,1624060800.0
googleplaysetvices.com,googleplaysetvices.com,02-feb-2021,1612224000.0
gorgeousground.com,gorgeousground.com,26-feb-2021,1614297600.0
gotpd.me,gotpd.me,13-apr-2021,1618272000.0
gourdmobi.com,gourdmobi.com,12-apr-2021,1618185600.0
greetzebra.com,greetzebra.com,26-feb-2021,1614297600.0
greyinstrument.com,greyinstrument.com,03-apr-2021,1617408000.0
groupees.com,groupees.com,21-aug-2022,1661040000.0
growthrx.in,growthrx.in,09-feb-2021,1612828800.0
gxqrjjcsyh.com,gxqrjjcsyh.com,19-aug-2021,1629331200.0
h78xb.pw,h78xb.pw,14-apr-2021,1618358400.0
h8vzwpv.com,h8vzwpv.com,28-feb-2021,1614470400.0
hammerhearing.com,hammerhearing.com,03-apr-2021,1617408000.0
happytrips.com,happytrips.com,05-apr-2024,1712275200.0
hardtofindmilk.com,hardtofindmilk.com,26-feb-2021,1614297600.0
headlinecamp.com,headlinecamp.com,25-feb-2022,1645747200.0
heapanalytics.com,heapanalytics.com,12-sep-2022,1662940800.0
hexagon-analytics.com,hexagon-analytics.com,11-oct-2022,1665446400.0
hexcan.com,hexcan.com,08-jul-2021,1625702400.0
hfc195b.com,hfc195b.com,24-feb-2021,1614124800.0
hg8dc7bm.com,hg8dc7bm.com,02-apr-2021,1617321600.0
hifi7.download,hifi7.download,14-jan-2023,1673654400.0
hiido.com,hiido.com,13-feb-2022,1644710400.0
histats.com,histats.com,12-jun-2021,1623456000.0
hm732.com,hm732.com,13-jul-2021,1626134400.0
hqq.tv,hqq.tv,14-sep-2023,1694649600.0
hqq.watch,hqq.watch,23-may-2021,1621728000.0
hsadspixel.net,hsadspixel.net,21-apr-2021,1618963200.0
hypestat.com,hypestat.com,03-feb-2021,1612310400.0
i62e2b4mfy.com,i62e2b4mfy.com,11-jul-2021,1625961600.0
icubeswire.com,icubeswire.com,10-aug-2021,1628553600.0
ie8eamus.com,ie8eamus.com,24-apr-2021,1619222400.0
ieplads.com,ieplads.com,24-nov-2022,1669248000.0
igexin.com,igexin.com,29-oct-2024,1730160000.0
illustriousoatmeal.com,illustriousoatmeal.com,21-mar-2022,1647820800.0
imgurads.com,imgurads.com,31-mar-2021,1617148800.0
imonomy.com,imonomy.com,26-apr-2021,1619395200.0
impactradius.com,impactradius.com,15-apr-2021,1618444800.0
inadequal.com,inadequal.com,31-may-2021,1622419200.0
inclk.com,inclk.com,18-apr-2021,1618704000.0
increaserev.com,increaserev.com,13-oct-2021,1634083200.0
inmobi.com,inmobi.com,15-may-2024,1715731200.0
inmobicdn.net,inmobicdn.net,21-mar-2023,1679356800.0
innocentwax.com,innocentwax.com,03-aug-2021,1627948800.0
innovid.com,innovid.com,14-may-2027,1810252800.0
inplayable.com,inplayable.com,19-oct-2021,1634601600.0
insightexpressai.com,insightexpressai.com,10-jan-2023,1673308800.0
insticator.com,insticator.com,28-jun-2021,1624838400.0
intellectads.co.in,intellectads.co.in,14-jun-2021,1623628800.0
intellectmedia.net,intellectmedia.net,10-may-2021,1620604800.0
intellitxt.com,intellitxt.com,14-feb-2021,1613260800.0
interlinepublishing.com,interlinepublishing.com,07-aug-2021,1628294400.0
invictioner.club,invictioner.club,09-aug-2021,1628467200.0
ioredi.com,ioredi.com,29-mar-2021,1616976000.0
ipage.com,ipage.com,25-mar-2025,1742860800.0
iptools.su,iptools.su,01-apr-2021,1617235200.0
ironsbidder.com,ironsbidder.com,27-jun-2021,1624752000.0
isanalyze.com,isanalyze.com,10-feb-2021,1612915200.0
itpatratr.com,itpatratr.com,28-apr-2021,1619568000.0
itrealstory.com,itrealstory.com,17-jun-2021,1623888000.0
ivykiosk.com,ivykiosk.com,19-jun-2021,1624060800.0
iwoop.com,iwoop.com,23-sep-2021,1632355200.0
iz682noju02ye5.com,iz682noju02ye5.com,21-jul-2021,1626825600.0
j93557g.com,j93557g.com,24-feb-2021,1614124800.0
jf71qh5v14.com,jf71qh5v14.com,25-apr-2021,1619308800.0
jsecoin.com,jsecoin.com,28-jul-2023,1690502400.0
jsks.biz,jsks.biz,05-feb-2021,1612483200.0
jstatic.top,jstatic.top,10-aug-2021,1628553600.0
jubna.com,jubna.com,27-jul-2021,1627344000.0
juicyads.com,juicyads.com,01-apr-2021,1617235200.0
justredirect25.com,justredirect25.com,06-jun-2021,1622937600.0
k5market.com,k5market.com,14-mar-2021,1615680000.0
kanmobi.net,kanmobi.net,18-jul-2021,1626566400.0
keywordblocks.com,keywordblocks.com,27-jan-2021,1611705600.0
kinorun.com,kinorun.com,09-may-2021,1620518400.0
kinorun.online,kinorun.online,16-may-2021,1621123200.0
kissmetrics.com,kissmetrics.com,28-sep-2027,1822089600.0
kochava.com,kochava.com,07-apr-2021,1617753600.0
kolnewsupdate.info,kolnewsupdate.info,17-jul-2021,1626480000.0
konotor.com,konotor.com,15-jul-2021,1626307200.0
kopimi.com,kopimi.com,16-apr-2021,1618531200.0
krxd.net,krxd.net,18-may-2021,1621296000.0
laserveradedomaina.com,laserveradedomaina.com,04-aug-2021,1628035200.0
leadlander.com,leadlander.com,30-mar-2022,1648598400.0
leanplum.com,leanplum.com,01-nov-2024,1730419200.0
leapmobs.com,leapmobs.com,29-may-2021,1622246400.0
lemnisk.co,lemnisk.co,22-feb-2021,1613952000.0
lenzmx.com,lenzmx.com,24-sep-2021,1632441600.0
lettucelimit.com,lettucelimit.com,26-feb-2021,1614297600.0
lgsmartad.com,lgsmartad.com,25-jun-2021,1624579200.0
libreape.com,libreape.com,30-jul-2021,1627603200.0
lie2anyone.com,lie2anyone.com,28-feb-2021,1614470400.0
liflingren.info,liflingren.info,06-apr-2021,1617667200.0
ligastavok.ru,ligastavok.ru,13-mar-2021,1615593600.0
ligatus.com,ligatus.com,10-jan-2022,1641772800.0
lijit.com,lijit.com,22-jul-2023,1689984000.0
linkforyoud.com,linkforyoud.com,17-may-2021,1621209600.0
linkury.com,linkury.com,23-nov-2026,1795392000.0
liveclicker.net,liveclicker.net,31-jan-2022,1643587200.0
livestream123.info,livestream123.info,13-apr-2021,1618272000.0
lmodr.biz,lmodr.biz,08-apr-2021,1617840000.0
localytics.com,localytics.com,07-jul-2021,1625616000.0
loggly.com,loggly.com,25-may-2023,1684972800.0
loudloss.com,loudloss.com,21-mar-2021,1616284800.0
lp3tdqle.com,lp3tdqle.com,24-feb-2021,1614124800.0
lpsnmedia.net,lpsnmedia.net,04-aug-2022,1659571200.0
lswebanalytics.com,lswebanalytics.com,18-jul-2021,1626566400.0
magnetic.com,magnetic.com,21-may-2021,1621555200.0
malealous.com,malealous.com,03-mar-2021,1614729600.0
marfeel.com,marfeel.com,31-jul-2024,1722384000.0
marinsm.com,marinsm.com,08-feb-2025,1738972800.0
marketo.com,marketo.com,23-jul-2027,1816300800.0
marketo.net,marketo.net,22-jan-2025,1737504000.0
maxonclick.com,maxonclick.com,27-apr-2021,1619481600.0
media-412.com,media-412.com,26-feb-2021,1614297600.0
media.net,media.net,16-mar-2021,1615852800.0
mediabarterexchange.com,mediabarterexchange.com,03-may-2021,1620000000.0
mediadirectx.com,mediadirectx.com,31-jan-2021,1612051200.0
mediago.io,mediago.io,15-mar-2021,1615766400.0
mediaplex.com,mediaplex.com,10-feb-2021,1612915200.0
mediavine.com,mediavine.com,29-jan-2021,1611878400.0
mediavoice.com,mediavoice.com,05-jun-2022,1654387200.0
meet754seeuye.info,meet754seeuye.info,11-jul-2021,1625961600.0
megaboxhd.com,megaboxhd.com,30-may-2021,1622332800.0
messagenovice.com,messagenovice.com,19-jun-2021,1624060800.0
metricfast.com,metricfast.com,07-mar-2021,1615075200.0
mgid.com,mgid.com,30-dec-2021,1640822400.0
ministedik.info,ministedik.info,12-apr-2021,1618185600.0
mirtesen.ru,mirtesen.ru,13-feb-2021,1613174400.0
mitewerbi.pw,mitewerbi.pw,13-feb-2021,1613174400.0
mixedreading.com,mixedreading.com,21-mar-2021,1616284800.0
ml314.com,ml314.com,22-apr-2027,1808352000.0
mmtcdn.com,mmtcdn.com,03-jun-2022,1654214400.0
mng-ads.com,mng-ads.com,17-jun-2023,1686960000.0
moatads.com,moatads.com,08-apr-2022,1649376000.0
mobileapptracking.com,mobileapptracking.com,05-aug-2027,1817424000.0
mobilesystemservice.com,mobilesystemservice.com,08-apr-2021,1617840000.0
mobj.space,mobj.space,20-jul-2021,1626739200.0
mobon.com,mobon.com,10-mar-2021,1615334400.0
mobvista.com,mobvista.com,24-oct-2021,1635033600.0
modulepush.com,modulepush.com,08-feb-2021,1612742400.0
moengage.com,moengage.com,19-apr-2021,1618790400.0
mookie1.com,mookie1.com,18-apr-2022,1650240000.0
mopub.com,mopub.com,25-feb-2021,1614211200.0
moradu.com,moradu.com,29-mar-2021,1616976000.0
mosite.in,mosite.in,27-feb-2021,1614384000.0
mouseflow.com,mouseflow.com,06-jun-2024,1717632000.0
mowfruit.com,mowfruit.com,26-feb-2021,1614297600.0
mparticle.com,mparticle.com,02-jul-2021,1625184000.0
mtrackqwe.com,mtrackqwe.com,13-mar-2021,1615593600.0
mtraction.com,mtraction.com,01-jun-2021,1622505600.0
myadcash.com,myadcash.com,29-mar-2021,1616976000.0
mybestmv.com,mybestmv.com,05-mar-2021,1614902400.0
mylifeads.info,mylifeads.info,29-jun-2021,1624924800.0
naganoadigei.com,naganoadigei.com,30-jul-2021,1627603200.0
nahnoji.cz,nahnoji.cz,22-jul-2021,1626912000.0
namesakeoscilloscopemarquis.com,namesakeoscilloscopemarquis.com,21-feb-2021,1613865600.0
nametraff.com,nametraff.com,20-jul-2021,1626739200.0
natage30.com,natage30.com,14-apr-2021,1618358400.0
nativclick.com,nativclick.com,16-apr-2021,1618531200.0
navdmp.com,navdmp.com,20-apr-2021,1618876800.0
ndog.co,ndog.co,19-apr-2021,1618790400.0
nervoussummer.com,nervoussummer.com,03-aug-2021,1627948800.0
newrotationurl.com,newrotationurl.com,10-jun-2021,1623283200.0
news-subscribe.com,news-subscribe.com,23-may-2021,1621728000.0
newshuntads.com,newshuntads.com,10-apr-2022,1649548800.0
newsupdatecard.info,newsupdatecard.info,16-jul-2021,1626393600.0
newsupdatewe.info,newsupdatewe.info,17-jul-2021,1626480000.0
newtabtv.com,newtabtv.com,09-jul-2021,1625788800.0
nexage.com,nexage.com,18-nov-2023,1700265600.0
normalexchange.com,normalexchange.com,21-jun-2021,1624233600.0
nuclearlytu.info,nuclearlytu.info,22-aug-2021,1629590400.0
nutrahealthshop.in,nutrahealthshop.in,12-aug-2021,1628726400.0
obix.pro,obix.pro,05-jun-2021,1622851200.0
offergold.online,offergold.online,06-jun-2021,1622937600.0
offerreality.com,offerreality.com,24-aug-2021,1629763200.0
offerstrack.net,offerstrack.net,21-oct-2021,1634774400.0
offertraff.com,offertraff.com,20-jul-2021,1626739200.0
ojrq.net,ojrq.net,28-jan-2021,1611792000.0
omtrdc.net,omtrdc.net,22-jul-2021,1626912000.0
onaudience.com,onaudience.com,11-mar-2021,1615420800.0
onclickads.net,onclickads.net,03-jun-2021,1622678400.0
onclickmax.com,onclickmax.com,27-apr-2021,1619481600.0
onclickmega.com,onclickmega.com,27-apr-2021,1619481600.0
onclickprediction.com,onclickprediction.com,27-apr-2021,1619481600.0
onclickpulse.com,onclickpulse.com,27-apr-2021,1619481600.0
onclicksuper.com,onclicksuper.com,27-apr-2021,1619481600.0
onclicktop.com,onclicktop.com,27-apr-2021,1619481600.0
onclklnd.com,onclklnd.com,12-jul-2021,1626048000.0
one97adworks.com,one97adworks.com,27-sep-2021,1632700800.0
onelink.me,onelink.me,26-nov-2025,1764115200.0
onesignal.com,onesignal.com,10-sep-2024,1725926400.0
onetag.com,onetag.com,13-may-2021,1620864000.0
onthe.io,onthe.io,29-jan-2021,1611878400.0
optimove.net,optimove.net,11-oct-2025,1760140800.0
organicalews.info,organicalews.info,22-aug-2021,1629590400.0
outbid.io,outbid.io,09-feb-2021,1612828800.0
outbrain.com,outbrain.com,09-aug-2023,1691539200.0
outdatedbrowser.com,outdatedbrowser.com,07-mar-2026,1772841600.0
pagefair.com,pagefair.com,11-jun-2021,1623369600.0
paleleaf.com,paleleaf.com,03-aug-2021,1627948800.0
parsely.com,parsely.com,19-may-2023,1684454400.0
paupervice.club,paupervice.club,09-aug-2021,1628467200.0
pay-tm-partner.in,pay-tm-partner.in,26-jul-2021,1627257600.0
perfectaudience.com,perfectaudience.com,24-dec-2021,1640304000.0
performanceadexchange.com,performanceadexchange.com,27-apr-2021,1619481600.0
perimeterx.net,perimeterx.net,09-jan-2024,1704758400.0
permutive.com,permutive.com,03-mar-2021,1614729600.0
petametrics.com,petametrics.com,07-jan-2022,1641513600.0
petchesa.net,petchesa.net,22-feb-2021,1613952000.0
petiteumbrella.com,petiteumbrella.com,03-apr-2021,1617408000.0
phando.com,phando.com,24-feb-2022,1645660800.0
pipsol.net,pipsol.net,26-may-2021,1621987200.0
plaimedia.com,plaimedia.com,06-dec-2021,1638748800.0
playercdn.com,playercdn.com,25-mar-2021,1616630400.0
pocketmath-cdn.com,pocketmath-cdn.com,07-jul-2021,1625616000.0
polarcdn-terrax.com,polarcdn-terrax.com,14-may-2022,1652486400.0
polarmobile.com,polarmobile.com,16-aug-2022,1660608000.0
polldaddy.com,polldaddy.com,17-jul-2021,1626480000.0
pop.bid,pop.bid,27-apr-2026,1777248000.0
popads.com,popads.com,05-dec-2021,1638662400.0
popads.net,popads.net,16-may-2029,1873584000.0
possibleboats.com,possibleboats.com,21-mar-2021,1616284800.0
potternalballip.info,potternalballip.info,21-jun-2021,1624233600.0
pptchecker.club,pptchecker.club,13-apr-2021,1618272000.0
predictiondisplay.com,predictiondisplay.com,27-apr-2021,1619481600.0
predictivadnetwork.com,predictivadnetwork.com,27-apr-2021,1619481600.0
premium-offers.space,premium-offers.space,04-apr-2021,1617494400.0
presage.io,presage.io,01-may-2022,1651363200.0
presselite.com,presselite.com,13-jun-2021,1623542400.0
pricee.com,pricee.com,29-apr-2022,1651190400.0
privymktg.com,privymktg.com,28-mar-2021,1616889600.0
pro-market.net,pro-market.net,07-nov-2021,1636243200.0
profitrumour.com,profitrumour.com,19-jun-2021,1624060800.0
promobay.org,promobay.org,05-jul-2021,1625443200.0
propeller-tracking.com,propeller-tracking.com,14-apr-2021,1618358400.0
propellerads.com,propellerads.com,25-may-2023,1684972800.0
propellerclick.com,propellerclick.com,25-may-2021,1621900800.0
psebsifil.com,psebsifil.com,17-may-2021,1621209600.0
pubnative.net,pubnative.net,26-may-2021,1621987200.0
puffyloss.com,puffyloss.com,03-aug-2021,1627948800.0
puserving.com,puserving.com,14-apr-2021,1618358400.0
push-notifications.top,push-notifications.top,25-apr-2021,1619308800.0
pushame.com,pushame.com,15-may-2021,1621036800.0
pushlinck.com,pushlinck.com,09-aug-2021,1628467200.0
pushmobilenews.com,pushmobilenews.com,23-aug-2021,1629676800.0
pushnest.com,pushnest.com,30-jan-2021,1611964800.0
pushno.com,pushno.com,27-feb-2021,1614384000.0
pushwoosh.com,pushwoosh.com,02-may-2024,1714608000.0
pussl16.com,pussl16.com,24-may-2021,1621814400.0
pussl17.com,pussl17.com,19-aug-2021,1629331200.0
pussl3.com,pussl3.com,20-apr-2021,1618876800.0
puzzlingfall.com,puzzlingfall.com,21-jun-2021,1624233600.0
pxf.io,pxf.io,22-jul-2021,1626912000.0
qgraph.io,qgraph.io,13-may-2021,1620864000.0
quaintcan.com,quaintcan.com,03-apr-2021,1617408000.0
qualaroo.com,qualaroo.com,06-jul-2029,1877990400.0
quantcast.com,quantcast.com,18-jun-2022,1655510400.0
quantserve.com,quantserve.com,20-jun-2022,1655683200.0
quantumgraph.com,quantumgraph.com,27-aug-2021,1630022400.0
questionfly.com,questionfly.com,21-jun-2021,1624233600.0
quick-counter.net,quick-counter.net,11-may-2021,1620691200.0
quickreview.online,quickreview.online,13-aug-2021,1628812800.0
r7ls.net,r7ls.net,08-aug-2021,1628380800.0
rdtk.io,rdtk.io,20-may-2021,1621468800.0
readgoldfish.com,readgoldfish.com,03-apr-2021,1617408000.0
readservers.net,readservers.net,02-may-2021,1619913600.0
redtrack.io,redtrack.io,21-jul-2021,1626825600.0
refersion.com,refersion.com,04-jan-2024,1704326400.0
reliablecounter.com,reliablecounter.com,07-apr-2021,1617753600.0
revcontent.com,revcontent.com,29-apr-2021,1619654400.0
revresponse.com,revresponse.com,13-aug-2024,1723507200.0
revrtb.com,revrtb.com,03-may-2021,1620000000.0
ritogaga.com,ritogaga.com,28-jan-2021,1611792000.0
riverhit.com,riverhit.com,08-oct-2021,1633651200.0
rkdms.com,rkdms.com,08-feb-2021,1612742400.0
rotumal.com,rotumal.com,18-may-2021,1621296000.0
rtbnowads.com,rtbnowads.com,05-apr-2021,1617580800.0
rtgfh.pro,rtgfh.pro,19-apr-2021,1618790400.0
rtk.io,rtk.io,11-aug-2021,1628640000.0
rubiconproject.com,rubiconproject.com,02-may-2021,1619913600.0
runative-syndicate.com,runative-syndicate.com,25-jan-2021,1611532800.0
runative.com,runative.com,11-aug-2021,1628640000.0
runetki.com,runetki.com,22-mar-2021,1616371200.0
runlikea.pro,runlikea.pro,07-aug-2021,1628294400.0
runmewivel.com,runmewivel.com,12-apr-2021,1618185600.0
s-onetag.com,s-onetag.com,03-may-2021,1620000000.0
s7c66wkh8k.com,s7c66wkh8k.com,12-jul-2021,1626048000.0
s9kkremkr0.com,s9kkremkr0.com,18-may-2021,1621296000.0
safedk.com,safedk.com,18-feb-2021,1613606400.0
saspreview.com,saspreview.com,06-aug-2021,1628208000.0
saysidewalk.com,saysidewalk.com,26-feb-2021,1614297600.0
sbfunapi.cc,sbfunapi.cc,09-jul-2021,1625788800.0
sbscribeme.com,sbscribeme.com,14-jul-2021,1626220800.0
scarcesign.com,scarcesign.com,03-aug-2021,1627948800.0
schibsted.io,schibsted.io,11-jun-2021,1623369600.0
scintillatingspace.com,scintillatingspace.com,26-feb-2021,1614297600.0
segment.com,segment.com,05-jul-2025,1751673600.0
segment.io,segment.io,01-oct-2021,1633046400.0
separatesilver.com,separatesilver.com,03-apr-2022,1648944000.0
seriencev.com,seriencev.com,12-apr-2021,1618185600.0
serverbid.com,serverbid.com,04-mar-2021,1614816000.0
serving-sys.com,serving-sys.com,16-apr-2022,1650067200.0
sfmzbrdtse.com,sfmzbrdtse.com,03-mar-2021,1614729600.0
shakesea.com,shakesea.com,21-mar-2021,1616284800.0
sheshine.com,sheshine.com,02-jun-2021,1622592000.0
shifen.com,shifen.com,01-aug-2021,1627776000.0
shoelace.com,shoelace.com,11-nov-2021,1636588800.0
siliconanalytics.com,siliconanalytics.com,03-apr-2021,1617408000.0
singular.net,singular.net,09-aug-2023,1691539200.0
sionicmedia.com,sionicmedia.com,19-oct-2021,1634601600.0
siteimproveanalytics.com,siteimproveanalytics.com,26-feb-2024,1708905600.0
skimresources.com,skimresources.com,14-jul-2021,1626220800.0
smaato.com,smaato.com,09-jun-2021,1623196800.0
smaato.net,smaato.net,16-may-2021,1621123200.0
smartadserver.com,smartadserver.com,10-jun-2021,1623283200.0
smartclick.net,smartclick.net,19-apr-2021,1618790400.0
smartoffer.site,smartoffer.site,08-mar-2021,1615161600.0
smi2.net,smi2.net,16-mar-2021,1615852800.0
sneakystamp.com,sneakystamp.com,07-jun-2021,1623024000.0
snoobi.fi,snoobi.fi,13-may-2021,1620864000.0
socialnewpages.com,socialnewpages.com,19-apr-2021,1618790400.0
softonic-analytics.net,softonic-analytics.net,14-feb-2021,1613260800.0
sokrati.com,sokrati.com,05-apr-2022,1649116800.0
speaktraff.com,speaktraff.com,11-apr-2021,1618099200.0
special-promotions.online,special-promotions.online,05-aug-2021,1628121600.0
speed-open2.com,speed-open2.com,10-aug-2021,1628553600.0
speedtest.com,speedtest.com,10-mar-2021,1615334400.0
speedvid.net,speedvid.net,16-apr-2021,1618531200.0
spendentaly.info,spendentaly.info,03-mar-2021,1614729600.0
spidermobi.com,spidermobi.com,30-apr-2021,1619740800.0
ssl4anyone5.com,ssl4anyone5.com,03-aug-2021,1627948800.0
startappexchange.com,startappexchange.com,22-jun-2021,1624320000.0
stat.media,stat.media,11-aug-2021,1628640000.0
statebankrewardz.com,statebankrewardz.com,19-may-2021,1621382400.0
steepto.com,steepto.com,27-feb-2022,1645920000.0
stickyadstv.com,stickyadstv.com,14-aug-2021,1628899200.0
storesurprise.com,storesurprise.com,26-feb-2021,1614297600.0
stormyachiever.com,stormyachiever.com,03-apr-2022,1648944000.0
stormysponge.com,stormysponge.com,21-mar-2021,1616284800.0
strategyanalytics.com,strategyanalytics.com,25-jun-2021,1624579200.0
strivesidewalk.com,strivesidewalk.com,03-apr-2021,1617408000.0
succeedscene.com,succeedscene.com,03-apr-2021,1617408000.0
sugarcurtain.com,sugarcurtain.com,26-feb-2021,1614297600.0
summerhamster.com,summerhamster.com,03-jul-2021,1625270400.0
sunbux.info,sunbux.info,28-aug-2023,1693180800.0
superads.cn,superads.cn,31-dec-2022,1672444800.0
supercounters.com,supercounters.com,20-mar-2022,1647734400.0
supersonic.com,supersonic.com,25-jan-2021,1611532800.0
suptrack.com,suptrack.com,04-mar-2021,1614816000.0
switchadhub.com,switchadhub.com,06-jul-2021,1625529600.0
swrve.com,swrve.com,06-aug-2021,1628208000.0
taboola.com,taboola.com,23-feb-2021,1614038400.0
tacoda.net,tacoda.net,17-jan-2022,1642377600.0
tapjoy.com,tapjoy.com,02-jan-2023,1672617600.0
targetserving.com,targetserving.com,03-may-2021,1620000000.0
tdzvm.pw,tdzvm.pw,14-apr-2021,1618358400.0
teads.tv,teads.tv,23-aug-2021,1629676800.0
tealiumiq.com,tealiumiq.com,09-feb-2022,1644364800.0
technoratimedia.com,technoratimedia.com,09-jun-2021,1623196800.0
tedioustooth.com,tedioustooth.com,03-aug-2021,1627948800.0
teethfan.com,teethfan.com,26-feb-2021,1614297600.0
tercept.com,tercept.com,14-feb-2021,1613260800.0
the-extension.com,the-extension.com,14-apr-2021,1618358400.0
themoneytizer.com,themoneytizer.com,29-oct-2022,1667001600.0
theonecdn.com,theonecdn.com,20-oct-2021,1634688000.0
thepind.mobi,thepind.mobi,05-mar-2021,1614902400.0
thirdrespect.com,thirdrespect.com,03-apr-2021,1617408000.0
thputr.pro,thputr.pro,12-dec-2021,1639267200.0
throattrees.com,throattrees.com,26-feb-2021,1614297600.0
thronetheater.com,thronetheater.com,21-jun-2021,1624233600.0
ths9j89.com,ths9j89.com,09-mar-2021,1615248000.0
tidytrail.com,tidytrail.com,30-jul-2021,1627603200.0
timesnow.fitness,timesnow.fitness,07-may-2021,1620345600.0
tiqcdn.com,tiqcdn.com,11-jul-2022,1657497600.0
tleadstracking.com,tleadstracking.com,09-jun-2021,1623196800.0
toexten.com,toexten.com,14-feb-2021,1613260800.0
tomorrowmakers.com,tomorrowmakers.com,24-mar-2021,1616544000.0
topdeveloper.cn,topdeveloper.cn,05-jun-2021,1622851200.0
trackads.club,trackads.club,31-jan-2021,1612051200.0
trackmedia101.com,trackmedia101.com,11-apr-2021,1618099200.0
trafficdeposit.com,trafficdeposit.com,19-apr-2021,1618790400.0
trafficforce.com,trafficforce.com,27-apr-2021,1619481600.0
traffichaus.com,traffichaus.com,10-oct-2021,1633824000.0
traffichunt.com,traffichunt.com,10-nov-2025,1762732800.0
trafficjunky.net,trafficjunky.net,16-jun-2021,1623801600.0
trafficsel.com,trafficsel.com,07-mar-2022,1646611200.0
trafficshop.com,trafficshop.com,28-may-2021,1622160000.0
trafflict.com,trafflict.com,03-feb-2021,1612310400.0
trcwt.com,trcwt.com,25-apr-2021,1619308800.0
treasuredata.com,treasuredata.com,29-mar-2021,1616976000.0
trfpump.com,trfpump.com,13-mar-2021,1615593600.0
tribalfusion.com,tribalfusion.com,10-sep-2029,1883692800.0
trickycelery.com,trickycelery.com,03-apr-2021,1617408000.0
triplelift.com,triplelift.com,20-feb-2021,1613779200.0
truefilen32.com,truefilen32.com,07-feb-2021,1612656000.0
ts-syndicate.com,ts-syndicate.com,08-mar-2024,1709856000.0
tssyndicate.com,tssyndicate.com,26-may-2021,1621987200.0
tsyndicate.com,tsyndicate.com,28-may-2028,1843084800.0
ttpsdk.info,ttpsdk.info,22-apr-2021,1619049600.0
tubemogul.com,tubemogul.com,28-sep-2021,1632787200.0
tugae2.com,tugae2.com,06-apr-2021,1617667200.0
tuxbpnne.com,tuxbpnne.com,26-apr-2021,1619395200.0
tvpage.com,tvpage.com,08-may-2021,1620432000.0
tzwaw.pw,tzwaw.pw,14-apr-2021,1618358400.0
ugdturner.com,ugdturner.com,03-may-2021,1620000000.0
uhughed.club,uhughed.club,12-mar-2021,1615507200.0
ultraoranges.com,ultraoranges.com,21-mar-2021,1616284800.0
umeng.co,umeng.co,23-may-2021,1621728000.0
umengcloud.com,umengcloud.com,14-jul-2022,1657756800.0
unblockvid.com,unblockvid.com,20-jul-2021,1626739200.0
unbounce.com,unbounce.com,19-jul-2025,1752883200.0
unicorbott.com,unicorbott.com,10-jul-2021,1625875200.0
uninstall.io,uninstall.io,15-jul-2021,1626307200.0
unknowntray.com,unknowntray.com,03-aug-2021,1627948800.0
unusualtitle.com,unusualtitle.com,21-mar-2021,1616284800.0
uod2quk646.com,uod2quk646.com,27-jul-2021,1627344000.0
uoredi.com,uoredi.com,29-mar-2021,1616976000.0
updown.me,updown.me,23-jun-2021,1624406400.0
urbanairship.com,urbanairship.com,14-apr-2021,1618358400.0
usefomo.com,usefomo.com,01-mar-2021,1614556800.0
user-actrk.com,user-actrk.com,02-feb-2021,1612224000.0
uustoughtonma.org,uustoughtonma.org,29-jun-2021,1624924800.0
v3rjvtt.com,v3rjvtt.com,09-mar-2021,1615248000.0
varielcontentdelivery.info,varielcontentdelivery.info,17-jul-2021,1626480000.0
vdo.ai,vdo.ai,31-jul-2021,1627689600.0
vebadu.com,vebadu.com,29-mar-2021,1616976000.0
vectaury.io,vectaury.io,09-feb-2021,1612828800.0
veinteractive.com,veinteractive.com,07-jul-2021,1625616000.0
velocecdn.com,velocecdn.com,12-sep-2021,1631404800.0
vemba.com,vemba.com,07-aug-2021,1628294400.0
venturead.com,venturead.com,27-apr-2021,1619481600.0
vertamedia.com,vertamedia.com,01-sep-2022,1661990400.0
veruta.com,veruta.com,13-feb-2021,1613174400.0
vidcpm.com,vidcpm.com,28-nov-2021,1638057600.0
videomate.mobi,videomate.mobi,13-mar-2021,1615593600.0
videoplaza.tv,videoplaza.tv,14-aug-2021,1628899200.0
vidgyor.com,vidgyor.com,21-may-2025,1747785600.0
vidible.tv,vidible.tv,11-aug-2021,1628640000.0
viglink.com,viglink.com,13-dec-2023,1702425600.0
vipmak.com,vipmak.com,09-jul-2021,1625788800.0
visiblemeasures.com,visiblemeasures.com,30-jun-2022,1656547200.0
vizury.com,vizury.com,22-may-2023,1684713600.0
voicevegetable.com,voicevegetable.com,26-feb-2021,1614297600.0
voodoo-analytics.io,voodoo-analytics.io,16-jul-2021,1626393600.0
voodoo-tech.io,voodoo-tech.io,05-apr-2021,1617580800.0
voodoo.io,voodoo.io,12-jul-2029,1878508800.0
vrtzads.com,vrtzads.com,08-jul-2021,1625702400.0
vulzul.com,vulzul.com,05-mar-2021,1614902400.0
vungle.com,vungle.com,26-oct-2022,1666742400.0
vuukle.com,vuukle.com,09-jun-2024,1717891200.0
w55c.net,w55c.net,13-may-2026,1778630400.0
wapking.guru,wapking.guru,30-may-2021,1622332800.0
wateryvan.com,wateryvan.com,03-apr-2021,1617408000.0
wathspap.com,wathspap.com,14-may-2021,1620950400.0
wct.click,wct.click,21-jul-2021,1626825600.0
webengage.com,webengage.com,05-nov-2021,1636070400.0
webmine.pro,webmine.pro,23-feb-2021,1614038400.0
weborama.net,weborama.net,14-jun-2021,1623628800.0
webvisor.com,webvisor.com,10-jun-2021,1623283200.0
wellmov.com,wellmov.com,19-apr-2021,1618790400.0
widespace.com,widespace.com,04-apr-2021,1617494400.0
wirecomic.com,wirecomic.com,19-jun-2021,1624060800.0
wttrc.com,wttrc.com,26-apr-2021,1619395200.0
wzrkt.com,wzrkt.com,29-aug-2022,1661731200.0
x48fly.com,x48fly.com,26-feb-2021,1614297600.0
xapads.com,xapads.com,06-apr-2021,1617667200.0
xiti.com,xiti.com,01-mar-2021,1614556800.0
xl-trk.com,xl-trk.com,18-jul-2021,1626566400.0
xovq5nemr.com,xovq5nemr.com,24-feb-2021,1614124800.0
xr8wv50k1daj.com,xr8wv50k1daj.com,05-mar-2021,1614902400.0
yealnk.com,yealnk.com,12-feb-2021,1613088000.0
yebadu.com,yebadu.com,29-mar-2021,1616976000.0
yes-no-click.online,yes-no-click.online,09-may-2021,1620518400.0
yieldmo.com,yieldmo.com,05-jun-2021,1622851200.0
yieldoptimizer.com,yieldoptimizer.com,08-feb-2021,1612742400.0
ylx-2.com,ylx-2.com,11-jun-2021,1623369600.0
yohoads.com,yohoads.com,15-may-2021,1621036800.0
yokoo.mobi,yokoo.mobi,17-aug-2021,1629158400.0
yotpo.com,yotpo.com,16-apr-2021,1618531200.0
yusp.com,yusp.com,12-sep-2021,1631404800.0
yvmads.com,yvmads.com,14-may-2021,1620950400.0
z2adigital.com,z2adigital.com,02-jun-2021,1622592000.0
zapr.in,zapr.in,06-nov-2021,1636156800.0
zbwp6ghm.com,zbwp6ghm.com,24-feb-2022,1645660800.0
zdbb.net,zdbb.net,19-oct-2021,1634601600.0
zedo.com,zedo.com,03-oct-2022,1664755200.0
zeotap.com,zeotap.com,23-jul-2022,1658534400.0
zeusadx.com,zeusadx.com,07-aug-2021,1628294400.0
zlp6s.pw,zlp6s.pw,14-apr-2021,1618358400.0
zukxd6fkxqn.com,zukxd6fkxqn.com,02-aug-2021,1627862400.0
1clickcdn.ru,1clickcdn.ru,09-nov-2021,1636412400.0
2o7.net,2o7.net,29-sep-2021,1632866400.0
9apps.com,9apps.com,05-sep-2023,1693864800.0
33across.com,33across.com,29-sep-2022,1664402400.0
50onred.com,50onred.com,01-jul-2021,1625090400.0
93aihbjs7bv4.com,93aihbjs7bv4.com,27-apr-2021,1619474400.0
206ads.com,206ads.com,07-may-2021,1620338400.0
1000mercis.com,1000mercis.com,10-dec-2021,1639090800.0
1020067983.world,1020067983.world,24-oct-2021,1635026400.0
a8.net,a8.net,24-sep-2021,1632434400.0
aaucwbe.com,aaucwbe.com,15-nov-2021,1636930800.0
actrk.me,actrk.me,23-oct-2021,1634940000.0
adacts.com,adacts.com,12-dec-2021,1639263600.0
adbrain.com,adbrain.com,25-sep-2021,1632520800.0
adbucks.com,adbucks.com,02-nov-2021,1635807600.0
adcanopus.com,adcanopus.com,01-jul-2024,1719784800.0
adcashads.buzz,adcashads.buzz,19-sep-2021,1632002400.0
addapptr.com,addapptr.com,14-sep-2021,1631570400.0
adglaze.com,adglaze.com,02-mar-2022,1646175600.0
adgebra.co.in,adgebra.co.in,13-nov-2022,1668294000.0
adgrx.com,adgrx.com,06-oct-2021,1633471200.0
adgebra.in,adgebra.in,13-nov-2022,1668294000.0
adk2.com,adk2.com,10-jan-2022,1641769200.0
adkmob.com,adkmob.com,26-dec-2021,1640473200.0
adleadevent.com,adleadevent.com,20-sep-2021,1632088800.0
admaym.com,admaym.com,27-nov-2021,1637967600.0
admitad.com,admitad.com,24-sep-2021,1632434400.0
admob.com,admob.com,07-dec-2021,1638831600.0
adomik.com,adomik.com,31-aug-2022,1661896800.0
adopexchange.com,adopexchange.com,16-jan-2023,1673823600.0
adport.io,adport.io,06-dec-2021,1638745200.0
adpxl.co,adpxl.co,04-nov-2021,1635980400.0
adriver.ru,adriver.ru,01-jan-2022,1640991600.0
adroll.com,adroll.com,13-oct-2021,1634076000.0
adsame.com,adsame.com,06-oct-2021,1633471200.0
adsaide.cn,adsaide.cn,28-nov-2021,1638054000.0
adsmanager.net,adsmanager.net,16-oct-2021,1634335200.0
adspeed.net,adspeed.net,17-apr-2027,1807912800.0
adsplay.in,adsplay.in,01-dec-2025,1764543600.0
adstailor.com,adstailor.com,19-dec-2021,1639868400.0
ads-twitter.com,ads-twitter.com,26-may-2022,1653516000.0
adsupply.com,adsupply.com,13-aug-2022,1660341600.0
adtng.com,adtng.com,20-jul-2021,1626732000.0
adx1.com,adx1.com,13-sep-2023,1694556000.0
adzfun.me,adzfun.me,13-aug-2021,1628805600.0
adzmaza.in,adzmaza.in,19-sep-2021,1632002400.0
afclickoffers.com,afclickoffers.com,03-sep-2021,1630620000.0
afcpatrk.com,afcpatrk.com,18-jan-2022,1642460400.0
agentanalytics.com,agentanalytics.com,23-jun-2021,1624399200.0
aimtell.com,aimtell.com,23-feb-2023,1677106800.0
alphonso.tv,alphonso.tv,02-oct-2021,1633125600.0
amplitude.com,amplitude.com,10-jan-2022,1641769200.0
anekbook.ru,anekbook.ru,27-dec-2021,1640559600.0
anxiousapples.com,anxiousapples.com,21-oct-2021,1634767200.0
apolloprogram.com,apolloprogram.com,25-sep-2021,1632520800.0
appnexus.com,appnexus.com,11-sep-2022,1662847200.0
apptrknow.com,apptrknow.com,07-dec-2021,1638831600.0
aralego.com,aralego.com,14-jan-2023,1673650800.0
arrkii.co,arrkii.co,30-nov-2021,1638226800.0
asoulrox.com,asoulrox.com,25-may-2021,1621893600.0
aswpsdkus.com,aswpsdkus.com,22-jan-2023,1674342000.0
ati-host.net,ati-host.net,21-jan-2022,1642719600.0
atozdealinfo.com,atozdealinfo.com,07-nov-2021,1636239600.0
attractiveafternoon.com,attractiveafternoon.com,25-oct-2021,1635112800.0
axiomaticalley.com,axiomaticalley.com,21-oct-2021,1634767200.0
azadify.com,azadify.com,24-jan-2022,1642978800.0
baidubrowser.co.id,baidubrowser.co.id,02-feb-2022,1643756400.0
baskettexture.com,baskettexture.com,22-jan-2022,1642806000.0
batds.net,batds.net,26-feb-2022,1645830000.0
beeswax.com,beeswax.com,10-oct-2021,1633816800.0
beginads.com,beginads.com,14-dec-2021,1639436400.0
bestbuyrdp.com,bestbuyrdp.com,21-dec-2021,1640041200.0
bestshockers.com,bestshockers.com,28-sep-2021,1632780000.0
bestporngifs.org,bestporngifs.org,02-jan-2022,1641078000.0
bgtrs.pro,bgtrs.pro,06-dec-2021,1638745200.0
bidtheatre.com,bidtheatre.com,01-nov-2021,1635721200.0
bigmister.pro,bigmister.pro,21-sep-2021,1632175200.0
birdanth.club,birdanth.club,23-nov-2021,1637622000.0
bizographics.com,bizographics.com,18-oct-2022,1666044000.0
blismedia.com,blismedia.com,15-dec-2021,1639522800.0
blkditsup.com,blkditsup.com,27-feb-2022,1645916400.0
bnc.lt,bnc.lt,15-nov-2021,1636930800.0
bodelen.com,bodelen.com,22-oct-2021,1634853600.0
boilingbeetle.com,boilingbeetle.com,21-oct-2021,1634767200.0
brightinfo.com,brightinfo.com,26-oct-2021,1635199200.0
brightroll.com,brightroll.com,16-dec-2021,1639609200.0
broadcastbed.com,broadcastbed.com,22-jan-2022,1642806000.0
browsergames2018.com,browsergames2018.com,03-nov-2021,1635894000.0
bskn.pro,bskn.pro,12-dec-2021,1639263600.0
btrll.com,btrll.com,16-dec-2021,1639609200.0
bttrack.com,bttrack.com,01-jan-2022,1640991600.0
btttag.com,btttag.com,29-dec-2021,1640732400.0
budgetedbauer.com,budgetedbauer.com,15-oct-2021,1634248800.0
buttsnthighs.com,buttsnthighs.com,25-jan-2022,1643065200.0
buysellads.net,buysellads.net,24-sep-2021,1632434400.0
buzzclicks.com,buzzclicks.com,15-dec-2021,1639522800.0
calmfoot.com,calmfoot.com,15-nov-2021,1636930800.0
cash-ads.com,cash-ads.com,27-mar-2021,1616799600.0
cashinme.com,cashinme.com,01-mar-2022,1646089200.0
chacomedia.com,chacomedia.com,16-dec-2021,1639609200.0
chairscrack.com,chairscrack.com,25-oct-2021,1635112800.0
chartbeat.net,chartbeat.net,26-sep-2021,1632607200.0
chinsnakes.com,chinsnakes.com,25-oct-2021,1635112800.0
chiptionics.co,chiptionics.co,29-dec-2021,1640732400.0
ciksolre.net,ciksolre.net,10-may-2021,1620597600.0
clickability.com,clickability.com,26-oct-2021,1635199200.0
click-now-on.me,click-now-on.me,29-nov-2021,1638140400.0
clipartbest.com,clipartbest.com,27-oct-2021,1635285600.0
clksite.com,clksite.com,20-nov-2021,1637362800.0
coinhive.com,coinhive.com,01-dec-2021,1638313200.0
colombiaonline.com,colombiaonline.com,13-sep-2021,1631484000.0
comfortablecheese.com,comfortablecheese.com,22-jan-2022,1642806000.0
comwgi.com,comwgi.com,17-feb-2022,1645052400.0
connatix.com,connatix.com,06-nov-2021,1636153200.0
consciouschairs.com,consciouschairs.com,25-oct-2021,1635112800.0
coocent.com,coocent.com,16-jan-2023,1673823600.0
cookieinfoscript.com,cookieinfoscript.com,31-aug-2021,1630360800.0
copycarpenter.com,copycarpenter.com,25-oct-2021,1635112800.0
copyrightaccesscontrols.com,copyrightaccesscontrols.com,24-jan-2022,1642978800.0
coralogix.com,coralogix.com,13-jan-2022,1642028400.0
cornwallsdraft.club,cornwallsdraft.club,06-nov-2021,1636153200.0
cpitraffic.com,cpitraffic.com,08-dec-2022,1670454000.0
crashlytics.com,crashlytics.com,21-jan-2022,1642719600.0
crazyegg.com,crazyegg.com,19-dec-2021,1639868400.0
creative-serving.com,creative-serving.com,10-dec-2022,1670626800.0
crwdcntrl.net,crwdcntrl.net,21-nov-2022,1668985200.0
ctnsnet.com,ctnsnet.com,26-jul-2021,1627250400.0
curtaincows.com,curtaincows.com,21-oct-2021,1634767200.0
dadbab.info,dadbab.info,03-nov-2021,1635894000.0
dapxl.com,dapxl.com,03-nov-2022,1667430000.0
databerries.com,databerries.com,22-oct-2023,1697925600.0
decisivedrawer.com,decisivedrawer.com,25-oct-2021,1635112800.0
declk.com,declk.com,22-dec-2021,1640127600.0
defpush.com,defpush.com,28-nov-2021,1638054000.0
delegatediscussion.com,delegatediscussion.com,21-oct-2021,1634767200.0
delightdriving.com,delightdriving.com,18-feb-2022,1645138800.0
deloton.com,deloton.com,29-sep-2021,1632866400.0
detectdiscovery.com,detectdiscovery.com,21-oct-2021,1634767200.0
docsconvert.club,docsconvert.club,21-dec-2021,1640041200.0
dotmetrics.net,dotmetrics.net,01-jul-2023,1688162400.0
doubleclick.net,doubleclick.net,17-jan-2022,1642374000.0
dynamicyield.com,dynamicyield.com,20-oct-2021,1634680800.0
dyntrk.com,dyntrk.com,10-sep-2021,1631224800.0
e09f3e4ceda.com,e09f3e4ceda.com,03-oct-2021,1633212000.0
edigitalsurvey.com,edigitalsurvey.com,30-sep-2021,1632952800.0
elixmedia.com,elixmedia.com,24-dec-2021,1640300400.0
embrace.io,embrace.io,14-mar-2022,1647212400.0
enatimedia.com,enatimedia.com,27-dec-2022,1672095600.0
engagio.com,engagio.com,18-sep-2021,1631916000.0
erdecisesgeorg.info,erdecisesgeorg.info,29-oct-2021,1635458400.0
ero-advertising.com,ero-advertising.com,20-dec-2021,1639954800.0
ethikuma.link,ethikuma.link,21-dec-2021,1640041200.0
examhome.net,examhome.net,03-dec-2021,1638486000.0
exchange4media.mobi,exchange4media.mobi,17-dec-2021,1639695600.0
exelator.com,exelator.com,04-jan-2022,1641250800.0
eyeviewads.com,eyeviewads.com,24-aug-2022,1661292000.0
eyzu80g9xcxa.com,eyzu80g9xcxa.com,27-apr-2021,1619474400.0
face2trade.com,face2trade.com,20-dec-2021,1639954800.0
facebook-info.co,facebook-info.co,06-nov-2021,1636153200.0
fast1track.info,fast1track.info,09-apr-2021,1617919200.0
faultycanvas.com,faultycanvas.com,25-oct-2021,1635112800.0
firstimpression.io,firstimpression.io,18-sep-2021,1631916000.0
fitnesspro.live,fitnesspro.live,14-dec-2021,1639436400.0
flakyfeast.com,flakyfeast.com,25-oct-2021,1635112800.0
flashtalking.com,flashtalking.com,08-jan-2022,1641596400.0
funnymp4.net,funnymp4.net,21-sep-2021,1632175200.0
fwpixel.com,fwpixel.com,28-feb-2022,1646002800.0
fyber.com,fyber.com,23-nov-2021,1637622000.0
getbesttraffic.com,getbesttraffic.com,23-dec-2022,1671750000.0
getclicky.com,getclicky.com,28-nov-2021,1638054000.0
getdrip.com,getdrip.com,04-nov-2021,1635980400.0
getsocial.io,getsocial.io,14-oct-2021,1634162400.0
github.com,github.com,09-oct-2022,1665266400.0
glotgrx.com,glotgrx.com,12-jan-2022,1641942000.0
goldoffer.online,goldoffer.online,12-sep-2021,1631397600.0
googlesyndication.com,googlesyndication.com,21-jan-2022,1642719600.0
googletagmanager.com,googletagmanager.com,11-nov-2021,1636585200.0
googletagservices.com,googletagservices.com,17-dec-2021,1639695600.0
gowadogo.com,gowadogo.com,27-nov-2025,1764198000.0
graizoah.com,graizoah.com,21-may-2021,1621548000.0
grooksom.com,grooksom.com,12-dec-2021,1639263600.0
h-bid.com,h-bid.com,16-dec-2021,1639609200.0
hddfilms.com,hddfilms.com,26-sep-2021,1632607200.0
helveticads.com,helveticads.com,17-dec-2021,1639695600.0
hilariouszinc.com,hilariouszinc.com,22-jan-2022,1642806000.0
hitcpm.com,hitcpm.com,26-oct-2021,1635199200.0
hkoxlirf.com,hkoxlirf.com,29-sep-2021,1632866400.0
hoexoxg.site,hoexoxg.site,20-jun-2021,1624140000.0
hopemobi.net,hopemobi.net,04-sep-2022,1662242400.0
hotdeals360.com,hotdeals360.com,14-jan-2022,1642114800.0
hotjar.com,hotjar.com,23-jan-2022,1642892400.0
houforcapy.win,houforcapy.win,29-dec-2021,1640732400.0
hoverr.media,hoverr.media,18-jan-2022,1642460400.0
iclickcdn.com,iclickcdn.com,20-mar-2022,1647730800.0
impactradius-event.com,impactradius-event.com,22-jan-2022,1642806000.0
impactradius-tag.com,impactradius-tag.com,22-jan-2022,1642806000.0
impossibleexpansion.com,impossibleexpansion.com,22-jan-2022,1642806000.0
indiaonclick.com,indiaonclick.com,28-dec-2021,1640646000.0
infinity-tracking.net,infinity-tracking.net,15-mar-2022,1647298800.0
inner-active.mobi,inner-active.mobi,11-oct-2022,1665439200.0
inq.com,inq.com,20-nov-2025,1763593200.0
insert.io,insert.io,24-sep-2021,1632434400.0
instrumentsponge.com,instrumentsponge.com,22-jan-2022,1642806000.0
intentmedia.net,intentmedia.net,11-oct-2021,1633903200.0
invisioncloudstats.com,invisioncloudstats.com,28-dec-2021,1640646000.0
iptautup.com,iptautup.com,23-nov-2021,1637622000.0
iyfnzgb.com,iyfnzgb.com,06-nov-2021,1636153200.0
jadeitite.com,jadeitite.com,21-oct-2021,1634767200.0
jknn.net,jknn.net,28-aug-2021,1630101600.0
jolic2.com,jolic2.com,13-dec-2021,1639350000.0
justpremium.com,justpremium.com,10-aug-2021,1628546400.0
kameleoon.com,kameleoon.com,30-oct-2022,1667080800.0
keywee.co,keywee.co,23-oct-2023,1698012000.0
ksapisrv.com,ksapisrv.com,05-jan-2025,1736031600.0
lemmatechnologies.com,lemmatechnologies.com,19-dec-2022,1671404400.0
lenmit.com,lenmit.com,03-nov-2021,1635894000.0
liadm.com,liadm.com,25-oct-2022,1666648800.0
lionsdrive.com,lionsdrive.com,28-dec-2021,1640646000.0
liqwid.com,liqwid.com,09-jul-2021,1625781600.0
liqwid.net,liqwid.net,14-feb-2022,1644793200.0
lizardslaugh.com,lizardslaugh.com,25-oct-2021,1635112800.0
loadingpagesson.club,loadingpagesson.club,10-jan-2022,1641769200.0
loudlunch.com,loudlunch.com,25-oct-2021,1635112800.0
lucklayed.info,lucklayed.info,08-sep-2021,1631052000.0
m73lae5cpmgrv38.com,m73lae5cpmgrv38.com,18-nov-2021,1637190000.0
machieved.com,machieved.com,29-apr-2021,1619647200.0
mathtag.com,mathtag.com,13-dec-2021,1639350000.0
measuread.com,measuread.com,15-jan-2022,1642201200.0
mediapeartree.com,mediapeartree.com,17-dec-2021,1639695600.0
mediazotic.com,mediazotic.com,22-sep-2021,1632261600.0
mediazotic.net,mediazotic.net,22-sep-2021,1632261600.0
ministryofads.com,ministryofads.com,15-mar-2022,1647298800.0
mmstat.com,mmstat.com,25-dec-2022,1671922800.0
mobiquitynetworks.com,mobiquitynetworks.com,23-dec-2021,1640214000.0
mobpowertech.com,mobpowertech.com,25-nov-2021,1637794800.0
moglistat.com,moglistat.com,18-sep-2022,1663452000.0
monerominer.rocks,monerominer.rocks,29-sep-2021,1632866400.0
mp3menu.org,mp3menu.org,02-dec-2021,1638399600.0
m-pathy.com,m-pathy.com,11-dec-2021,1639177200.0
mxpnl.com,mxpnl.com,01-aug-2025,1753999200.0
n214adserv.com,n214adserv.com,28-may-2021,1622152800.0
naiadsystems.com,naiadsystems.com,27-apr-2021,1619474400.0
narrative.io,narrative.io,22-sep-2021,1632261600.0
netcoresmartech.com,netcoresmartech.com,02-jan-2022,1641078000.0
news-speaker.com,news-speaker.com,04-dec-2021,1638572400.0
nighting.info,nighting.info,02-dec-2021,1638399600.0
notification-time.com,notification-time.com,06-dec-2021,1638745200.0
npttech.com,npttech.com,17-jun-2021,1623880800.0
o12zs3u2n.com,o12zs3u2n.com,21-dec-2021,1640041200.0
ofgogoatan.com,ofgogoatan.com,17-mar-2022,1647471600.0
ogorax.xyz,ogorax.xyz,21-jul-2021,1626818400.0
ojajum.space,ojajum.space,31-may-2021,1622412000.0
omniscientspark.com,omniscientspark.com,25-nov-2021,1637794800.0
onclickalgo.com,onclickalgo.com,27-apr-2021,1619474400.0
onclickgenius.com,onclickgenius.com,27-apr-2021,1619474400.0
onclickperformance.com,onclickperformance.com,27-apr-2021,1619474400.0
onclkds.com,onclkds.com,26-oct-2021,1635199200.0
onetag-sys.com,onetag-sys.com,05-apr-2024,1712268000.0
online-metrix.net,online-metrix.net,16-oct-2021,1634335200.0
openx.net,openx.net,08-nov-2021,1636326000.0
optimonk.com,optimonk.com,05-dec-2021,1638658800.0
otnolatrnup.com,otnolatrnup.com,06-mar-2022,1646521200.0
owlsr.us,owlsr.us,21-jan-2022,1642719600.0
pages03.net,pages03.net,06-nov-2021,1636153200.0
panelsave.com,panelsave.com,21-oct-2021,1634767200.0
pcpop.com,pcpop.com,18-jan-2024,1705532400.0
peacepowder.com,peacepowder.com,31-dec-2021,1640905200.0
pejqoq4cafo3bg9yqqqtk5e6s6.com,pejqoq4cafo3bg9yqqqtk5e6s6.com,18-dec-2021,1639782000.0
perceivequarter.com,perceivequarter.com,25-oct-2021,1635112800.0
photographpan.com,photographpan.com,22-jan-2022,1642806000.0
pietexture.com,pietexture.com,22-jan-2022,1642806000.0
piquantpigs.com,piquantpigs.com,25-oct-2021,1635112800.0
piz7ohhujogi.com,piz7ohhujogi.com,11-oct-2021,1633903200.0
plista.com,plista.com,27-sep-2021,1632693600.0
pmcares.fund,pmcares.fund,09-aug-2021,1628460000.0
polarborder.com,polarborder.com,11-sep-2021,1631311200.0
pomf.se,pomf.se,21-jan-2022,1642719600.0
poogriry.click,poogriry.click,21-dec-2021,1640041200.0
popadsnetwork.buzz,popadsnetwork.buzz,19-sep-2021,1632002400.0
popmonetizer.com,popmonetizer.com,24-sep-2021,1632434400.0
popmonetizer.net,popmonetizer.net,20-jan-2022,1642633200.0
popmyads.com,popmyads.com,12-feb-2022,1644620400.0
preferredain.com,preferredain.com,04-feb-2022,1643929200.0
presetrabbits.com,presetrabbits.com,25-oct-2021,1635112800.0
previousplayground.com,previousplayground.com,25-oct-2021,1635112800.0
prmtracking2.com,prmtracking2.com,26-mar-2023,1679785200.0
producebreed.com,producebreed.com,10-feb-2022,1644447600.0
protballed.info,protballed.info,07-mar-2022,1646607600.0
proxappdom.cool,proxappdom.cool,06-sep-2021,1630879200.0
pub2srv.com,pub2srv.com,01-oct-2021,1633039200.0
pubmatic.com,pubmatic.com,08-sep-2025,1757282400.0
pubmine.com,pubmine.com,05-nov-2022,1667602800.0
pubnative.info,pubnative.info,26-may-2022,1653516000.0
quicksandear.com,quicksandear.com,22-jan-2022,1642806000.0
quietknowledge.com,quietknowledge.com,22-jan-2022,1642806000.0
receptiveink.com,receptiveink.com,22-jan-2022,1642806000.0
redsheriff.com,redsheriff.com,30-nov-2021,1638226800.0
rekmob.com,rekmob.com,11-mar-2022,1646953200.0
remarketingpixel.com,remarketingpixel.com,29-sep-2021,1632866400.0
resolutekey.com,resolutekey.com,22-jan-2022,1642806000.0
retailrecoanalytics.com,retailrecoanalytics.com,11-jan-2022,1641855600.0
revrtb.net,revrtb.net,20-jan-2022,1642633200.0
ringsrecord.com,ringsrecord.com,25-oct-2021,1635112800.0
ritzykey.com,ritzykey.com,22-jan-2022,1642806000.0
roboinside.me,roboinside.me,23-sep-2021,1632348000.0
rojadirecta.me,rojadirecta.me,24-jan-2022,1642978800.0
roletaryk.info,roletaryk.info,19-oct-2021,1634594400.0
rs-1117-a.com,rs-1117-a.com,29-oct-2021,1635458400.0
rtxplatform.com,rtxplatform.com,08-mar-2022,1646694000.0
rulerabbit.com,rulerabbit.com,19-sep-2021,1632002400.0
sam4m.com,sam4m.com,19-sep-2021,1632002400.0
samsungads.com,samsungads.com,26-jun-2024,1719352800.0
scarcestream.com,scarcestream.com,10-mar-2023,1678402800.0
schibsted.com,schibsted.com,17-oct-2021,1634421600.0
scorecardresearch.com,scorecardresearch.com,01-nov-2021,1635721200.0
scrubswim.com,scrubswim.com,25-oct-2021,1635112800.0
serie-vostfr.com,serie-vostfr.com,26-sep-2021,1632607200.0
servedby-buysellads.com,servedby-buysellads.com,23-jan-2022,1642892400.0
shakytaste.com,shakytaste.com,22-jan-2022,1642806000.0
sharethrough.com,sharethrough.com,21-dec-2021,1640041200.0
smartlook.com,smartlook.com,30-nov-2021,1638226800.0
smi2.ru,smi2.ru,11-sep-2021,1631311200.0
smrtb.com,smrtb.com,08-dec-2021,1638918000.0
solocpm.com,solocpm.com,12-jan-2022,1641942000.0
sonobi.com,sonobi.com,29-nov-2021,1638140400.0
special-offers.online,special-offers.online,09-oct-2021,1633730400.0
spotad.co,spotad.co,29-apr-2021,1619647200.0
spring-tns.net,spring-tns.net,09-dec-2021,1639004400.0
spyoff.com,spyoff.com,19-nov-2021,1637276400.0
startappservice.com,startappservice.com,21-oct-2021,1634767200.0
statcounter.com,statcounter.com,05-jan-2022,1641337200.0
statserv.net,statserv.net,21-oct-2021,1634767200.0
stormyshock.com,stormyshock.com,12-jan-2022,1641942000.0
straightnest.com,straightnest.com,22-jan-2022,1642806000.0
supersonicads.com,supersonicads.com,15-jan-2022,1642201200.0
sync2ad.com,sync2ad.com,04-sep-2021,1630706400.0
t0pm0b1l3.com,t0pm0b1l3.com,05-oct-2021,1633384800.0
taplytics.com,taplytics.com,21-sep-2021,1632175200.0
tend.io,tend.io,19-sep-2021,1632002400.0
thewhizmarketing.com,thewhizmarketing.com,05-nov-2021,1636066800.0
thewhizproducts.com,thewhizproducts.com,10-dec-2021,1639090800.0
thewise.com,thewise.com,10-dec-2021,1639090800.0
tnsglobal.com,tnsglobal.com,03-oct-2021,1633212000.0
toptipstotravel.com,toptipstotravel.com,18-nov-2021,1637190000.0
track.technology,track.technology,02-jan-2022,1641078000.0
trackingio.com,trackingio.com,20-aug-2022,1660946400.0
tracksummer.com,tracksummer.com,25-dec-2021,1640386800.0
tradersbrokers.com,tradersbrokers.com,01-mar-2022,1646089200.0
trafficjunky.com,trafficjunky.com,08-aug-2021,1628373600.0
trafforsrv.com,trafforsrv.com,28-dec-2021,1640646000.0
tremorhub.com,tremorhub.com,10-may-2022,1652133600.0
tremember.info,tremember.info,01-mar-2022,1646089200.0
truckstomatoes.com,truckstomatoes.com,22-jan-2022,1642806000.0
trustx.org,trustx.org,27-sep-2021,1632693600.0
trw12.com,trw12.com,29-oct-2021,1635458400.0
tubeadnetwork.com,tubeadnetwork.com,13-oct-2021,1634076000.0
tummiarunzpf.com,tummiarunzpf.com,29-oct-2021,1635458400.0
tynt.com,tynt.com,13-sep-2021,1631484000.0
ub-analytics.com,ub-analytics.com,02-aug-2021,1627855200.0
ultimedia.com,ultimedia.com,14-nov-2021,1636844400.0
umeng.com,umeng.com,29-nov-2022,1669676400.0
umstat.com,umstat.com,04-sep-2021,1630706400.0
unoadsrv.com,unoadsrv.com,25-nov-2021,1637794800.0
urldelivery.com,urldelivery.com,19-sep-2021,1632002400.0
usertag.online,usertag.online,12-jan-2022,1641942000.0
utarget.ru,utarget.ru,22-dec-2021,1640127600.0
viatepigan.com,viatepigan.com,14-oct-2021,1634162400.0
vinfdv6b4j.com,vinfdv6b4j.com,13-nov-2021,1636758000.0
visitor-analytics.io,visitor-analytics.io,13-sep-2021,1631484000.0
vivaclix.com,vivaclix.com,07-nov-2021,1636239600.0
voodoo-ads.io,voodoo-ads.io,05-oct-2021,1633384800.0
vserv.mobi,vserv.mobi,23-oct-2029,1887400800.0
wct.link,wct.link,18-dec-2021,1639782000.0
weborama.fr,weborama.fr,30-oct-2029,1888009200.0
workersimkf.com,workersimkf.com,28-dec-2021,1640646000.0
xdatabase.info,xdatabase.info,07-dec-2021,1638831600.0
xgrwjbui.top,xgrwjbui.top,22-jan-2022,1642806000.0
xrgrymutlq.com,xrgrymutlq.com,22-oct-2021,1634853600.0
yabidos.com,yabidos.com,18-jul-2021,1626559200.0
yandex.st,yandex.st,14-sep-2021,1631570400.0
yyjvimo.com,yyjvimo.com,05-mar-2022,1646434800.0
zeropark.com,zeropark.com,01-apr-2025,1743458400.0
zidtech.com,zidtech.com,25-nov-2021,1637794800.0
zm232.com,zm232.com,03-oct-2021,1633212000.0
rtbnow.com,rtbnow.com,07-apr-2022,1649289600.0
